,smiles,max,min,median,mean,std,n
0,CCCCCC,0.00036,0.0002774,0.000295,0.0002978237288135592,1.4477713310675796e-05,59
1,C1CCCCC1,0.000904,0.000793,0.00082948,0.0008533885333333334,3.755625457695282e-05,75
2,CCCCCCCCCC,0.000861,0.0007838,0.000845,0.000828545,2.935087690342488e-05,40
3,CCCCCCCCCCCCCCCC,0.003094,0.002706,0.00272,0.0028616185185185187,0.00016371855940638336,27
4,C1COCO1,0.05487,0.000531,0.0005882,0.01032260769230769,0.020835145151800776,39
5,OCCOCCO,0.030012,0.02187,0.0225,0.0250046,0.003300959230284434,15
6,OCCOCCOCCO,0.03727,0.027101,0.0295,0.03140099999999999,0.003709696056732051,12
7,Clc1ccccc1,0.000773,0.0007053,0.000725,0.0007337729729729727,2.1715589725065677e-05,37
8,Brc1ccccc1,0.001082,0.0009844,0.001009,0.00102011875,3.5658891225576536e-05,16
9,O=[N+]([O-])c1ccccc1,0.001815,0.0016167,0.001686,0.0016876473684210526,7.64529464402163e-05,19
10,CO,0.0008699,0.0005008,0.000543,0.0005349569343065693,3.4409953991065095e-05,137
11,CCCCCCCCO,0.00784,0.005969,0.007365,0.007014886538461539,0.0005962674471012427,52
12,CCn1cc[n+](C)c1.O=S(=O)([N-]S(=O)(=O)C(F)(F)F)C(F)(F)F,0.03429,0.026,0.03179,0.03063076,0.0026481114520352047,25
13,CCCCCCn1cc[n+](C)c1.O=S(=O)([N-]S(=O)(=O)C(F)(F)F)C(F)(F)F,0.0715,0.055,0.0701,0.06663924137931033,0.006113271428819898,29
14,CCCCCCCCCCn1cc[n+](C)c1.O=S(=O)([N-]S(=O)(=O)C(F)(F)F)C(F)(F)F,0.12018,0.07917,0.1047,0.10223333333333333,0.01321752077946373,6
15,CCCCCCn1cc[n+](C)c1.F[B-](F)(F)F,0.2104,0.102,0.1789155,0.17020734666666662,0.031295719152729,30
16,CCCCCCn1cc[n+](C)c1.F[P-](F)(F)(F)(F)F,0.607,0.25396,0.41168,0.41309636363636365,0.09962002247382776,11
17,C=CC(=O)OC,0.0004765,0.00042,0.00045405,0.0004476875,1.957079696256643e-05,8
18,C=CC(=O)OCC,0.0005561,0.000502,0.0005253,0.0005228,1.822820616517162e-05,8
19,C=CC(=O)OCCCC,0.000838,0.000752,0.0007942,0.000801725,3.1217813424389616e-05,8
20,C=Cc1ccccc1,0.000699,0.000654,0.0006745,0.0006755,2.154646142641525e-05,8
21,c1ccccc1,0.000609,0.000539,0.000569,0.0005809432835820897,2.025802383048742e-05,67
22,CCc1ccccc1,0.000638,0.000577,0.0005986,0.0006083928571428572,1.8590741331784107e-05,28
23,Cc1ccccc1C,0.000769,0.000695,0.0007421999999999999,0.0007365026315789472,2.4905267745917637e-05,38
24,Cc1cccc(C)c1,0.0005969,0.0005471,0.000581,0.0005703638888888891,1.7227370870181133e-05,36
25,Cc1ccc(C)cc1,0.0006168,0.000566,0.0005766,0.0005905509433962264,1.983203642900356e-05,53
26,COCCO,0.001592,0.001375,0.0015218,0.0014745310344827587,7.528099134277215e-05,29
27,CC(C)CCO,0.003835,0.0022581,0.003261,0.0031811235294117645,0.0004476695755332626,17
28,CCOCCO,0.00185,0.001612,0.0016575499999999998,0.001725661111111111,0.00010375143982341696,18
29,CCCCOCCO,0.002885,0.002449,0.0027817,0.0026803879999999997,0.00015812555092710353,25
30,CCCCCl,0.000429,0.000405,0.0004214,0.0004178499999999999,8.235077413115194e-06,20
31,CC(C)(C)Cl,0.0004768,0.0004438,0.0004751,0.00046326000000000006,1.590114461288872e-05,5
32,CC(C)OC(C)C,0.00035,0.0003001,0.0003178,0.00032552500000000007,1.9699603422404216e-05,24
33,CC(C)CCl,0.0004296,0.0004112,0.0004295,0.00042122727272727277,9.15364715282093e-06,11
34,NC1CCCCC1,0.001909,0.001699,0.001753,0.0017702727272727273,5.031011268141358e-05,11
35,CCCCOC(C)=O,0.000686,0.0006072,0.0006453,0.0006525628571428571,2.503019988179176e-05,35
36,CCC(C)=O,0.0004011,0.0002666,0.000376,0.00036337661290322573,3.653377990314508e-05,62
37,CCCCN,0.000496,0.00044,0.000473,0.0004724727272727273,1.9937132597200295e-05,22
38,CC(C)(C)N,0.0004394,0.000439,0.0004392,0.0004392,2.0000000000000486e-07,4
39,O=C1CCCCC1,0.0021016,0.001768,0.002019,0.0019544666666666665,9.59994733781852e-05,36
40,C1CCOC1,0.000485,0.000326,0.00046,0.00045604133333333356,2.4578033064778255e-05,45
41,C1COCCO1,0.001415,0.001022,0.001159,0.0011394546391752579,6.821590953384408e-05,97
42,CC(=O)CC(C)=O,0.00067,0.00067,0.00067,0.00067,0.0,1
43,COP(C)(=O)OC,0.001587,0.001447,0.0015170000000000001,0.0015170000000000001,7.000000000000008e-05,4
44,CO[PH](=O)OC,0.001273,0.001179,0.001226,0.001226,4.700000000000006e-05,4
45,CCCCCCCCCCO,0.011825,0.009066,0.0103,0.01056568695652174,0.0009844032899280518,46
46,Cc1ccccc1Cl,0.000943,0.000885,0.000887,0.0009024285714285714,2.5672982701983174e-05,7
47,Cc1cccc(Cl)c1,0.000798,0.000746,0.00078,0.0007757142857142857,2.0126132874692925e-05,7
48,Cc1ccc(Cl)cc1,0.0009,0.000784,0.000828,0.0008462857142857142,4.9401313706402255e-05,7
49,Clc1cccc(Cl)c1,0.001025,0.000946,0.0010195,0.0010025,3.292795165205393e-05,4
50,Clc1ccccc1Cl,0.001324,0.001214,0.001302,0.001278625,4.571361257874947e-05,8
51,Clc1ccc(Cl)c(Cl)c1,0.001926,0.001613,0.0016865,0.001728,0.00012911041786006268,4
52,Cc1ccccn1,0.000751,0.000704,0.0007275000000000001,0.0007275000000000001,2.350000000000003e-05,4
53,Cc1cccc(C)n1,0.000806,0.000753,0.0007795,0.0007795,2.6499999999999994e-05,4
54,CCCCOCC,0.000399,0.0003756,0.0003868,0.000387175,1.0134810062354389e-05,8
55,COC(C)(C)C,0.000381,0.000304,0.0003327,0.00033542727272727274,2.5787561868223167e-05,11
56,CCCCO,0.002625,0.002054,0.0025306,0.002419794493670886,0.00016238265656341424,158
57,COCCOCCOCCOCCOC,0.0034,0.002967,0.00334155,0.00320751875,0.00018918025537417358,16
58,CCOS(=O)(=O)[O-].CC[n+]1cccc(C)c1,0.1614,0.1021,0.134575,0.137675,0.019750813274394544,10
59,CCOS(=O)(=O)[O-].CCn1cc[n+](C)c1,0.10142,0.0751,0.09732,0.09177148717948715,0.009500818004922319,39
60,O=Cc1ccccc1,0.0014271,0.0013155,0.0013202,0.0013573142857142859,4.508133692311605e-05,7
61,CCCCCCC,0.000404,0.0003629,0.000383,0.00038287142857142863,1.0876730451110865e-05,49
62,CCCCCCCC,0.00053,0.000472,0.000501,0.0005001060606060605,1.6758144820191424e-05,66
63,Cc1ccccc1,0.000577,0.00052,0.00053676,0.0005425607446808509,1.6559042283910746e-05,94
64,ClC=C(Cl)Cl,0.000595,0.0005172,0.000551,0.0005590133333333333,2.1266934167596647e-05,30
65,CCOC(C)=O,0.000438,0.000379,0.0004258,0.00041575681818181823,1.650939674201102e-05,44
66,CCCOC(C)=O,0.000551,0.0004878,0.000547,0.0005317999999999999,2.7877282097486766e-05,7
67,CCO,0.001134,0.000695,0.001082,0.0010480316239316239,5.755791234427481e-05,234
68,CCCO,0.0021178,0.001513,0.0019085,0.001846551923076923,0.00012923435999761862,156
69,CC(C)O,0.002134,0.0002781,0.002029,0.0019026293103448274,0.00022072852377948168,116
70,CC(C)CO,0.00345,0.0026349,0.0030968,0.0031152915384615384,0.000280115682426427,39
71,CN1CCNCC1,0.00187,0.001544,0.0017325,0.0017237307692307693,0.0001273105100780425,26
72,CC(=O)O,0.001127,0.001034,0.0010865,0.0010774166666666666,3.884897753552284e-05,24
73,CCCCCCCCn1cc[n+](C)c1.F[B-](F)(F)F,0.3599,0.1689,0.329585,0.29146875,0.06484549279585668,8
74,O,0.001,0.000728,0.000882,0.0008484722039473685,4.8484330337076126e-05,304
75,CC(C)(C)O,0.004436,0.0030986,0.003387,0.00381859375,0.0005391499402633163,16
76,CC(C)CCCCCCCOC(=O)c1ccccc1C(=O)OCCCCCCCC(C)C,0.0887,0.06325,0.0853,0.07739660000000001,0.011423186182497422,25
77,COCCOC,0.000414,0.000392,0.000412,0.00040800000000000005,8.173126696681022e-06,5
78,CCCCn1cc[n+](C)c1.F[B-](F)(F)F,0.146,0.0689,0.0990755,0.0945236346153846,0.016196507442879877,52
79,Cc1cc(C)cc(C)c1,0.000667,0.00057,0.00063,0.0006374882352941176,2.5505014094186197e-05,17
80,CN(C)C=O,0.00092,0.000715,0.0007986,0.0007887893749999999,3.347475441198498e-05,96
81,OCCCCO,0.0727454,0.055983,0.0640175,0.0642653,0.007961214946853278,8
82,CN1CCCC1=O,0.00268,0.00149,0.001564,0.0016195042857142857,0.0001821424940108425,70
83,NCCO,0.0199,0.014423,0.014865,0.015940900000000004,0.0019334362608335143,34
84,OCCNCCO,0.5672,0.3657,0.38170499999999996,0.4104325,0.07026602333572513,12
85,O=S1(=O)CCCC1,0.0119,0.0100304,0.01018,0.010310703703703704,0.00047336176556349985,27
86,CC(=O)OC(C)C,0.000481,0.000481,0.000481,0.000481,0.0,2
87,CCCCCCCCn1cc[n+](C)c1.O=S(=O)([N-]S(=O)(=O)C(F)(F)F)C(F)(F)F,0.093053,0.06908,0.09144,0.08647774999999999,0.009020921166239065,8
88,CS(C)=O,0.002042,0.001784,0.00183935,0.0018923833333333332,9.060577152330491e-05,72
89,CC#N,0.00037,0.0002642,0.00034,0.00033543962264150946,2.0981369450265724e-05,53
90,COS(=O)(=O)[O-].Cn1cc[n+](C)c1,0.078,0.0576,0.07192960000000001,0.06899326666666666,0.007705088148893706,12
91,CCCCCO,0.003556,0.002839,0.003347,0.003244646031746032,0.0002473344024013584,63
92,C=C(C)[C@H]1CC=C(C)CC1,0.000972,0.000793,0.00089,0.0008729888888888889,5.863693270067263e-05,9
93,C1CC[NH2+]C1.O=[N+]([O-])[O-],0.0052,0.0052,0.0052,0.0052,0.0,1
94,C1CCNC1.CC(=O)O,0.0302,0.0302,0.0302,0.0302,0.0,1
95,C1CCNC1.O=CO,0.0025,0.0025,0.0025,0.0025,0.0,1
96,CCN(C(C)C)C(C)C.O=CO,0.018,0.018,0.018,0.018,0.0,1
97,O=CO.c1ccc2ncccc2c1,0.0082,0.0082,0.0082,0.0082,0.0,1
98,Cc1cccc[n+]1C.O=C[O-],0.00261,0.00261,0.00261,0.00261,0.0,1
99,Cc1ccc[n+](C)c1C.O=C[O-],0.01,0.01,0.01,0.01,0.0,1
100,C1CCNC1.CCCCCC(=O)O,0.0274,0.0274,0.0274,0.0274,0.0,1
101,C1CCNC1.CCCCCCCC(=O)O,0.06271,0.0365,0.05021,0.054924615384615384,0.008021630963439387,13
102,C1CCNC1.CCCCCCCCC(=O)O,0.0744,0.0744,0.0744,0.0744,0.0,1
103,COP(=O)([O-])OC.Cn1cc[n+](C)c1,0.33674,0.1883,0.246635,0.24516449999999995,0.04543997298359673,20
104,COCCOCCOC,0.001011,0.000901,0.000959,0.00095675,4.137858745776611e-05,8
105,COCCOCCOCCOC,0.00196,0.00177,0.0017785,0.0018355000000000001,8.670207609971049e-05,6
106,CCCCn1cc[n+](C)c1.O=S(=O)([N-]S(=O)(=O)C(F)(F)F)C(F)(F)F,0.0516,0.03588,0.04893,0.04583511627906977,0.005019391889459076,43
107,CCCCCCCCC,0.000687,0.0006217,0.000647,0.0006506566666666665,2.2097521479920676e-05,30
108,CCCn1cc[n+](C)c1.O=S(=O)([N-]S(=O)(=O)C(F)(F)F)C(F)(F)F,0.045748,0.03568,0.043,0.04111159999999999,0.0038682950042622124,5
109,CCCCCn1cc[n+](C)c1.O=S(=O)([N-]S(=O)(=O)C(F)(F)F)C(F)(F)F,0.057806,0.046383,0.0520945,0.0520945,0.005711500000000001,2
110,CCCCCCCn1cc[n+](C)c1.O=S(=O)([N-]S(=O)(=O)C(F)(F)F)C(F)(F)F,0.082,0.064284,0.081111,0.07579833333333334,0.008149948234327766,3
111,CCCCCCCCCn1cc[n+](C)c1.O=S(=O)([N-]S(=O)(=O)C(F)(F)F)C(F)(F)F,0.10641,0.083354,0.094882,0.094882,0.011528000000000004,2
112,CCCCCCCCCCCCn1cc[n+](C)c1.O=S(=O)([N-]S(=O)(=O)C(F)(F)F)C(F)(F)F,0.15433,0.1011,0.125,0.125922,0.017305495543323803,5
113,COC[N+]1(C)CCCC1.O=S(=O)([N-]S(=O)(=O)C(F)(F)F)C(F)(F)F,0.04063,0.03398,0.037305000000000005,0.037305000000000005,0.003324999999999998,2
114,CCCCn1cc[n+](C)c1.[Cl-],0.02921,0.02572,0.027465,0.027464999999999996,0.0017449999999999998,4
115,CCNCC.O=S(=O)(O)O,0.0341,0.0213,0.0289,0.028839999999999998,0.004928123375078996,5
116,C1C[C@@H]2[C@H]3CC[C@H](C3)[C@@H]2C1,0.0028,0.002467,0.002549,0.002633448888888889,0.00012658464822178127,45
117,CC1CCCCC1,0.0007341,0.000627,0.0006757,0.000660435294117647,2.6331108668968405e-05,68
118,CCCC[n+]1cccc(C)c1.N#CC(=C=[N-])C#N,0.05142,0.03487,0.04392,0.04340333333333333,0.006766379304243068,3
119,CCCC[N+]1(C)CCCC1.N#C[S-],0.10946,0.10946,0.10946,0.10946,0.0,1
120,CC(=O)N(C)C,0.001261,0.000862,0.00094,0.00096276,0.00011287051342135375,25
121,C[N+](=O)[O-],0.0006274,0.000584,0.000614,0.0006111285714285713,1.2719019985350871e-05,14
122,CCCCn1cc[n+](C)c1.N#C[N-]C#N,0.031802,0.02352,0.03015,0.028995999999999997,0.002931077741594843,11
123,CCCC[n+]1ccc(C)cc1.F[B-](F)(F)F,0.23697,0.14468,0.18695,0.18460333333333334,0.033507748689254276,6
124,CCCCCCCCn1cc[n+](C)c1.O=S(=O)([O-])C(F)(F)C(F)F,0.2794,0.2794,0.2794,0.2794,0.0,1
125,COCC[N+]1(C)CCOCC1.O=S(=O)([N-]S(=O)(=O)C(F)(F)F)C(F)(F)F,0.3061,0.2109,0.2576,0.2582,0.03886755287726082,3
126,COCC[N+]1(C)CCCCC1.O=S(=O)([N-]S(=O)(=O)C(F)(F)F)C(F)(F)F,0.1026,0.05579,0.06989,0.07609333333333333,0.019607057119539608,3
127,COCC[N+]1(C)CCCC1.O=S(=O)([N-]S(=O)(=O)C(F)(F)F)C(F)(F)F,0.05506,0.0449,0.05219,0.050631999999999996,0.004175238436305164,5
128,CCCCCCn1cc[n+](C)c1.N#C[B-](C#N)(C#N)C#N,0.0498,0.038921,0.0443605,0.0443605,0.0054395,2
129,O=S(=O)([N-]S(=O)(=O)C(F)(F)F)C(F)(F)F.OCC[n+]1ccccc1,0.1087,0.08319,0.095945,0.095945,0.012755000000000002,2
130,CCCCn1cc[n+](C)c1.[Cl-].[Cl-].[Cl-].[Cl-].[Fe+3],0.041,0.0339,0.03745,0.03745,0.003550000000000001,2
131,CCCCCCCCCCCCCC[P+](CCCCCC)(CCCCCC)CCCCCC.[Cl-].[Cl-].[Cl-].[Cl-].[Fe+3],1.349,0.52,0.80945,0.871975,0.3201978324020948,4
132,CCn1cc[n+](C)c1.O=S(=O)([O-])C(F)(F)F,0.0459,0.03598,0.041,0.04091433333333334,0.003324497148275044,15
133,FC(F)(F)C(F)(F)C(F)(F)C(F)(F)C(F)(F)C(F)(F)F,0.000635,0.000589,0.000612,0.000612,2.3000000000000017e-05,2
134,CCOC(=O)OCC,0.000764,0.000695,0.000746,0.0007270677966101696,2.5218949296504202e-05,59
135,CCCCCCCCCCCCCC[P+](CCCCCC)(CCCCCC)CCCCCC.CCCCCCCCCCCCCC[P+](CCCCCC)(CCCCCC)CCCCCC.CCCCCCCCCCCCCC[P+](CCCCCC)(CCCCCC)CCCCCC.[Cl-].[Cl-].[Cl-].[Cl-].[Cl-].[Cl-].[Gd+3],18.39,13.01,15.7,15.7,2.6900000000000004,2
136,CCCCCCCCCCCCCC[P+](CCCCCC)(CCCCCC)CCCCCC.CCCCCCCCCCCCCC[P+](CCCCCC)(CCCCCC)CCCCCC.[Cl-].[Cl-].[Cl-].[Cl-].[Mn+2],75.23,41.56,58.395,58.395,16.835,2
137,CCCCCCCCCCCCCC[P+](CCCCCC)(CCCCCC)CCCCCC.CCCCCCCCCCCCCC[P+](CCCCCC)(CCCCCC)CCCCCC.[Cl-].[Cl-].[Cl-].[Cl-].[Co+2],83.45,40.25,61.85,61.85,21.6,2
138,CCC[N+]1(C)CCCC1.O=S(=O)([N-]S(=O)(=O)C(F)(F)F)C(F)(F)F,0.06152,0.03852,0.049894999999999995,0.0526725,0.007572527236662804,8
139,CCn1cc[n+](C)c1.N#CC(=C=[N-])C#N,0.01419,0.01199,0.01288,0.013123125,0.0009466171266013517,16
140,CCn1cc[n+](C)c1.N#C[N-]C#N,0.019,0.01262,0.0145,0.014395692307692307,0.0016827943511916028,13
141,C[n+]1ccn(CCO)c1.N#C[N-]C#N,0.06867,0.0517,0.0671,0.06249,0.007656557102684381,3
142,Cn1cc[n+](C)c1.F[B-](F)(F)F,0.034,0.034,0.034,0.034,0.0,1
143,CCn1cc[n+](C)c1.F[B-](F)(F)F,0.045,0.028002,0.03617,0.03457328,0.004510059223735317,25
144,CCCCCn1cc[n+](CCCC)c1.O=S(=O)([N-]S(=O)(=O)C(F)(F)F)C(F)(F)F,0.0759,0.0615,0.0687,0.0687,0.007199999999999998,2
145,CCCC[n+]1ccn(CCC(C)C)c1.O=S(=O)([N-]S(=O)(=O)C(F)(F)F)C(F)(F)F,0.093,0.0732,0.08310000000000001,0.08310000000000001,0.009899999999999999,2
146,CCCC[n+]1ccn(C2CCCC2)c1.O=S(=O)([N-]S(=O)(=O)C(F)(F)F)C(F)(F)F,0.0851,0.0679,0.0765,0.0765,0.008599999999999997,2
147,OCCCO,0.041972,0.032777,0.036814,0.03708499999999999,0.004150235053584315,20
148,CCC[N+]1(C)CCCCC1.O=S(=O)([N-]S(=O)(=O)C(F)(F)F)C(F)(F)F,0.147,0.1104,0.1288,0.129125,0.01753708570430104,8
149,CCCC[N+]1(C)CCCCC1.O=S(=O)([N-]S(=O)(=O)C(F)(F)F)C(F)(F)F,0.18911,0.1354,0.16082000000000002,0.1615375,0.023428668736187295,4
150,CCC[n+]1cccc(C)c1.O=S(=O)([N-]S(=O)(=O)C(F)(F)F)C(F)(F)F,0.054942,0.0437,0.0492605,0.04929075,0.005338259612223817,4
151,CCCC[n+]1cccc(C)c1.O=S(=O)([N-]S(=O)(=O)C(F)(F)F)C(F)(F)F,0.07115,0.051,0.063,0.05920121052631579,0.006710645459417035,19
152,CCCCCCCCCCCCn1ccnc1,0.024,0.0201,0.02205,0.02205,0.0019500000000000003,2
153,c1cn(CCOCCOCCOCCn2ccnc2)cn1,0.5356,0.356,0.4458,0.4458,0.08979999999999999,2
154,CCCC[N+](C)(C)C.O=S(=O)([N-]S(=O)(=O)C(F)(F)F)C(F)(F)F,0.1054,0.0764,0.09459000000000001,0.093157,0.01145791695728329,10
155,CCCC[N+](C)(CCCC)CCCC.O=S(=O)([N-]S(=O)(=O)C(F)(F)F)C(F)(F)F,0.5389,0.3693,0.45410000000000006,0.45410000000000006,0.08480000000000001,2
156,CC[S+](CC)CC.O=S(=O)([N-]S(=O)(=O)C(F)(F)F)C(F)(F)F,0.0339,0.0282,0.03336,0.03182,0.002569202210803969,3
157,CC[S+](C)CC.O=S(=O)([N-]S(=O)(=O)C(F)(F)F)C(F)(F)F,0.0411,0.0341,0.04071,0.03863666666666666,0.003211856507103365,3
158,CC(=O)[O-].CCCCn1cc[n+](C)c1,0.4851,0.20965,0.29739,0.3259723076923077,0.0828270880211249,13
159,CN(CCO)CCO,0.07785,0.0563,0.0573,0.06345223076923077,0.009303910461189021,13
160,CN1CCCC1=O.O=CO,0.002217,0.00202,0.0021184999999999997,0.0021184999999999997,9.849999999999985e-05,2
161,CC(=O)O.CN1CCCC1=O,0.002622,0.002364,0.0024930000000000004,0.0024930000000000004,0.000129,2
162,CCC(=O)O.CN1CCCC1=O,0.002801,0.002518,0.0026595,0.0026595,0.00014150000000000013,2
163,CCCC(=O)O.CN1CCCC1=O,0.003526,0.003136,0.0033309999999999998,0.0033309999999999998,0.00019500000000000008,2
164,CCCCC(=O)O.CN1CCCC1=O,0.00391,0.003465,0.0036875000000000002,0.0036875000000000002,0.00022250000000000004,2
165,CCCCCC(=O)O.CN1CCCC1=O,0.004549,0.003998,0.0042734999999999995,0.0042734999999999995,0.00027550000000000014,2
166,CCCCn1cc[n+](C)c1.[Br-],0.363,0.363,0.363,0.363,0.0,1
167,CCCCn1cc[n+](CCCC)c1.[Br-],0.0111,0.0111,0.0111,0.0111,0.0,1
168,CC(C)Cn1cc[n+](C)c1.[Br-],0.134,0.134,0.134,0.134,0.0,1
169,CC(C)Cn1cc[n+](CC(C)C)c1.[Br-],0.0676,0.0676,0.0676,0.0676,0.0,1
170,CC(C)C[P+](C)(CC(C)C)CC(C)C.Cc1ccc(S(=O)(=O)[O-])cc1,3.6124,1.3632,2.16615,2.326975,0.8116629792438486,4
171,CCCC[P+](C)(CCCC)CCCC.COS(=O)(=O)[O-],1.6292,0.36768,0.6506,0.8530179999999999,0.4611395170401253,5
172,CCCC[P+](CC)(CCCC)CCCC.CCOP(=O)([O-])OCC,0.3168,0.21945,0.266555,0.26734,0.04449106146182625,4
173,NCCN,0.001405,0.001211,0.0012758,0.0012884,6.7168312634919e-05,9
174,ClCCCl,0.0007902,0.0007112,0.00076785,0.00075504,2.8252546787856136e-05,10
175,CC[n+]1ccccc1.O=S(=O)([O-])C(F)(F)F,0.06058,0.04877,0.054675,0.054675,0.0059050000000000005,4
176,CCCCn1cc[n+](C)c1.N#CC(=C=[N-])C#N,0.02784,0.022263,0.027318,0.02588616666666667,0.0023863665837884633,6
177,CCCC[N+]1(C)CCOCC1.N#CC(=C=[N-])C#N,0.2255,0.2255,0.2255,0.2255,0.0,1
178,CCCC[N+]1(C)CCCC1.O=S(=O)([N-]S(=O)(=O)C(F)(F)F)C(F)(F)F,0.08,0.06147,0.067,0.06988545454545454,0.007500037410375018,22
179,CCCC[P+](CCCC)(CCCC)CCCC.O=C([O-])[C@@H]1CCCN1,1.695,0.6928,1.063,1.12845,0.36132576368147346,4
180,CC(C)Cn1cc[n+](C)c1.O=S(=O)([N-]S(=O)(=O)C(F)(F)F)C(F)(F)F,0.08144,0.061,0.07118,0.0712,0.009099494491453908,4
181,Cc1ccc[n+](CC(C)C)c1.O=S(=O)([N-]S(=O)(=O)C(F)(F)F)C(F)(F)F,0.1001,0.07634,0.08821999999999999,0.08821999999999999,0.011879999999999995,2
182,CC(C)C[N+]1(C)CCCC1.O=S(=O)([N-]S(=O)(=O)C(F)(F)F)C(F)(F)F,0.06629,0.05353,0.059910000000000005,0.059910000000000005,0.006380000000000001,2
183,CC(C)C[N+]1(C)CCCCC1.O=S(=O)([N-]S(=O)(=O)C(F)(F)F)C(F)(F)F,0.12512,0.12512,0.12512,0.12512,0.0,1
184,CCc1cccc[n+]1CC.O=S(=O)([N-]S(=O)(=O)C(F)(F)F)C(F)(F)F,0.068771,0.054952,0.0618615,0.0618615,0.006909499999999999,2
185,CCCc1cccc[n+]1CC.O=S(=O)([N-]S(=O)(=O)C(F)(F)F)C(F)(F)F,0.10502,0.08109,0.093055,0.093055,0.011965000000000003,2
186,CCCCc1cccc[n+]1CC.O=S(=O)([N-]S(=O)(=O)C(F)(F)F)C(F)(F)F,0.10982,0.084492,0.09715599999999999,0.09715599999999999,0.012664000000000002,2
187,CCCCCc1cccc[n+]1CC.O=S(=O)([N-]S(=O)(=O)C(F)(F)F)C(F)(F)F,0.10878,0.083992,0.096386,0.096386,0.012394000000000002,2
188,CCCCCCc1cccc[n+]1CC.O=S(=O)([N-]S(=O)(=O)C(F)(F)F)C(F)(F)F,0.11941,0.091773,0.1055915,0.1055915,0.013818500000000004,2
189,CCCCCCCc1cccc[n+]1CC.O=S(=O)([N-]S(=O)(=O)C(F)(F)F)C(F)(F)F,0.1341,0.10247,0.118285,0.118285,0.015814999999999996,2
190,CCCCCCCCc1cccc[n+]1CC.O=S(=O)([N-]S(=O)(=O)C(F)(F)F)C(F)(F)F,0.15929,0.12076,0.140025,0.140025,0.01926499999999999,2
191,CC[N+](C)(C)CCOC.O=S(=O)([N-]S(=O)(=O)C(F)(F)F)C(F)(F)F,0.05939,0.05039,0.054889999999999994,0.054889999999999994,0.0045000000000000005,2
192,CCC[N+](C)(C)CC.O=S(=O)([N-]S(=O)(=O)C(F)(F)F)C(F)(F)F,0.05879,0.05339,0.05609,0.05609,0.002700000000000001,2
193,CCCCNCCO.O=CO,0.3328,0.2342,0.2835,0.2835,0.0493,2
194,CC(=O)O.CCCCNCCO,0.4216,0.2954,0.3585,0.3585,0.06309999999999999,2
195,CCC(=O)O.CCCCNCCO,0.5026,0.3851,0.44385,0.44385,0.058750000000000024,2
196,CCCC(=O)O.CCCCNCCO,0.5768,0.4359,0.50635,0.50635,0.07044999999999998,2
197,CCCCC(=O)O.CCCCNCCO,0.6841,0.5058,0.5949500000000001,0.5949500000000001,0.08915000000000001,2
198,[N-]=[N+]=NCCN1CCCC1,0.0012212,0.0012212,0.0012212,0.0012212,0.0,1
199,CC12CCC(CC1)C(C)(C)O2,0.0026,0.0026,0.0026,0.0026,0.0,3
200,CCCC[n+]1ccn(C(CC)CC)c1.O=S(=O)([N-]S(=O)(=O)C(F)(F)F)C(F)(F)F,0.1182,0.08955,0.103875,0.103875,0.014324999999999997,2
201,CCCCCCCC[P+](CCCCCCCC)(CCCCCCCC)CCCCCCCC.O=S(=O)([N-]S(=O)(=O)C(F)(F)F)C(F)(F)F,0.446,0.446,0.446,0.446,0.0,1
202,NCCO.O=CO,0.2525,0.04051,0.09849,0.11770185714285715,0.07192328467079862,7
203,CC(=O)O.NCCO,1.974,0.22468,0.64,0.8915659999999999,0.6612119725352831,5
204,CCCC(=O)O.NCCO,1.796,1.26,1.528,1.528,0.268,2
205,NCCN1CCNCC1,0.014181,0.014181,0.014181,0.014181,0.0,1
206,CCCCCCCC/C=C\CCCCCCCC(=O)OCC,0.0057694,0.0049859,0.00537275,0.005362283333333333,0.0003401889348419332,6
207,NCc1ccccc1,0.00183,0.00143,0.00165,0.0016366666666666665,0.0001635712552851373,3
208,CC(C)=O,0.0003212,0.0002918,0.0003027,0.00030181891891891896,7.797880440979094e-06,37
209,ClC(Cl)Cl,0.0006628,0.0005033,0.000543,0.00055117875,4.0112730191767055e-05,32
210,CCCCCCCC[P+](CCCC)(CCCC)CCCC.c1ccc2[n-]nnc2c1,0.896,0.605,0.7505,0.7505,0.14550000000000002,2
211,c1ccsc1,0.000615,0.00058,0.000612,0.0005995714285714285,1.6977776590566373e-05,7
212,N#CC(=C=[N-])C#N.OCC[n+]1ccccc1,0.097484,0.071784,0.084634,0.084634,0.01285,4
213,N#CC(=C=[N-])C#N.OCCC[n+]1ccccc1,0.092543,0.069515,0.08102899999999999,0.08102899999999999,0.011514000000000003,4
214,CCCCCCCCCCCC[N+](C)(C)Cc1ccccc1.O=S(=O)([N-]S(=O)(=O)C(F)(F)F)C(F)(F)F,1.42465,0.97432,1.199485,1.199485,0.225165,4
215,CCCCCCCCCCCC,0.001378,0.001219,0.001266,0.001298472,6.011277082284594e-05,25
216,COc1ccccc1,0.001017,0.000913,0.000931,0.0009593081081081079,4.009390921175191e-05,74
217,Cc1cccnc1,0.0008318,0.0008318,0.0008318,0.0008318,0.0,4
218,CCCCn1cc[n+](C)c1.O=C([O-])C(F)(F)F,0.07,0.053,0.0615,0.0615,0.008500000000000004,2
219,CCOS(=O)(=O)[O-].CC[n+]1ccccc1,0.137,0.093,0.1263,0.11898333333333332,0.015032566499289322,6
220,CCCCCCCCCCCCCC[N+](C)(CCOCCOCCOCCOCCOCCO)CCOCCOCCOCCOCCOCCO.COS(=O)(=O)[O-],2.79,1.91,2.35,2.35,0.44000000000000006,2
221,CCCCCCn1cc[n+](C)c1C.O=S(=O)([N-]S(=O)(=O)C(F)(F)F)C(F)(F)F,0.131,0.101,0.116,0.116,0.015,2
222,CCCCn1cc[n+](C)c1.COCCOCCOS(=O)(=O)[O-],1.033,0.731,0.8819999999999999,0.8819999999999999,0.15099999999999997,2
223,CCCCCCCC[n+]1cccc(C)c1.O=S(=O)([N-]S(=O)(=O)C(F)(F)F)C(F)(F)F,0.112,0.088,0.1,0.1,0.012000000000000004,2
224,CCCCCCn1ccc(=[N+](C)C)c(C)c1.O=S(=O)([N-]S(=O)(=O)C(F)(F)F)C(F)(F)F,0.112,0.087,0.0995,0.0995,0.012500000000000004,2
225,CCCCCCn1ccc(=[N+]2CCC(C)CC2)cc1.O=S(=O)([N-]S(=O)(=O)C(F)(F)F)C(F)(F)F,0.111,0.086,0.0985,0.0985,0.012500000000000004,2
226,CCCCCC[n+]1cc(CC)cc(CC)c1CCC.O=S(=O)([N-]S(=O)(=O)C(F)(F)F)C(F)(F)F,0.206,0.155,0.1805,0.1805,0.025499999999999995,2
227,CCCCCC[n+]1cc(C)cc(C)c1CC.O=S(=O)([N-]S(=O)(=O)C(F)(F)F)C(F)(F)F,0.245,0.171,0.209,0.20850000000000002,0.032392128673491026,4
228,CCCCCC[n+]1cc(C)cc(C)c1.O=S(=O)([N-]S(=O)(=O)C(F)(F)F)C(F)(F)F,0.104,0.081,0.0925,0.0925,0.011499999999999996,2
229,CCCCCC[n+]1cccc(C)c1.O=S(=O)([N-]S(=O)(=O)C(F)(F)F)C(F)(F)F,0.085,0.0642,0.067,0.07206666666666667,0.009216410484685581,3
230,CCCCCC[n+]1ccccc1.O=S(=O)([N-]S(=O)(=O)C(F)(F)F)C(F)(F)F,0.245334,0.064,0.08225,0.114183875,0.0647812777668778,8
231,CCCCOC(=O)c1ccc[n+](CCCC)c1.O=S(=O)([N-]S(=O)(=O)C(F)(F)F)C(F)(F)F,0.531,0.379,0.455,0.455,0.07600000000000001,2
232,CCCC[n+]1cccc(C)c1.F[B-](F)(F)F,0.177,0.12906,0.132,0.1474952,0.021185870861496342,5
233,CCOC(=O)c1ccc[n+](CC)c1.CCOS(=O)(=O)[O-],3.173,1.986,2.5795,2.5795,0.5935,2
234,CC(C)CC(C)(C)C,0.000871,0.000447,0.00047650000000000004,0.00047964285714285703,6.234542081499362e-05,42
235,BrC(Br)C(Br)Br,0.008413,0.008413,0.008413,0.008413000000000002,1.734723475976807e-18,6
236,CCCCCCO,0.0046426,0.003675,0.0039985,0.004194491891891892,0.00035011960147878613,37
237,CCCCCCCO,0.006041,0.004821,0.005860000000000001,0.0055709777777777775,0.0004676090628049075,36
238,COC(=O)OC,0.00059,0.000536,0.0005734,0.0005648975,1.9911133663104164e-05,40
239,CC1CCCC1,0.000476,0.00045,0.000463,0.0004630000000000001,1.3000000000000018e-05,18
240,CCCC(C)=O,0.000469,0.000444,0.0004565,0.0004565,1.2500000000000006e-05,10
241,CCCCC,0.000219,0.000216,0.0002175,0.0002175,1.5000000000000094e-06,2
242,CCCCNCCCC,0.000821,0.000758,0.0007584,0.00077395,2.7164821000698682e-05,4
243,CCCCN(CCCC)CCCC,0.00136,0.001123,0.001167,0.00119672,6.86390675927347e-05,25
244,CC1OC(C)OC(C)O1,0.001107,0.001001,0.001107,0.0010615714285714284,5.2456395886371706e-05,21
245,COC(C)=O,0.0004,0.000343,0.000367,0.0003663041666666666,1.5686790599276694e-05,24
246,Cc1ccccc1[N+](=O)[O-],0.001911,0.001911,0.001911,0.0019110000000000002,2.168404344971009e-19,3
247,Cc1cccc([N+](=O)[O-])c1,0.001777,0.001775,0.001777,0.0017763333333333335,9.42809041581984e-07,3
248,C1CCCC1,0.0004173,0.000394,0.000415,0.0004053444444444445,1.093937276735782e-05,27
249,CC(=O)CC(C)C,0.00056,0.000511,0.00055,0.0005415,1.7902513789968177e-05,8
250,ClC(Cl)=C(Cl)Cl,0.000875,0.0007971,0.0008474,0.0008427461538461537,1.844703917808681e-05,26
251,CCCCn1cc[n+](C)c1.F[P-](F)(F)(F)(F)F,0.274,0.1629,0.2032,0.21726199999999998,0.035593276930716386,15
252,CCCCCCCCn1cc[n+](C)c1.F[P-](F)(F)(F)(F)F,0.8792,0.43088,0.60344,0.6197284848484849,0.1254594665467264,33
253,CCC(=O)CC,0.000468,0.000419,0.000442,0.00043995625,1.529051866149413e-05,16
254,CCOCCOCCOCCO,0.007049,0.005657,0.00658,0.0064665,0.000517427047998073,8
255,CCOCCOCCO,0.003976,0.002862,0.003303,0.003381083333333333,0.0003852130272834617,12
256,CCOC(C)(C)C,0.000504,0.000478,0.000491,0.000491,1.299999999999999e-05,8
257,CCCCn1cc[n+](C)c1C.F[B-](F)(F)F,0.65,0.447,0.45581,0.5253275,0.0966311635485675,8
258,CN1CCOCC1,0.000881,0.000864,0.0008725,0.0008725,8.49999999999999e-06,2
259,OCCN1CCOCC1,0.021986,0.021986,0.021986,0.021986,0.0,2
260,O=C1CCCO1,0.00173,0.001545,0.00165395,0.0016446125,5.71620599152095e-05,8
261,O=C1CCCCO1,0.0027577,0.0027577,0.0027577,0.0027577,0.0,1
262,O=C1CCCCCO1,0.0048852,0.0048852,0.0048852,0.0048852,0.0,1
263,CCCC[n+]1ccccc1.F[B-](F)(F)F,0.16326,0.11952,0.1236,0.13495538461538462,0.018821387022944284,13
264,CCCCCCCC[n+]1ccccc1.F[B-](F)(F)F,0.2335,0.17185,0.202675,0.202675,0.030825000000000005,4
265,OCCO,0.0186352,0.009618,0.014048999999999999,0.014797160869565217,0.001963127135961161,46
266,CCCCCCCCCO,0.009715,0.007806,0.009506500000000001,0.008978964285714288,0.0008170473409147836,28
267,CC(=O)O.OCCNCCO,0.56689,0.37659,0.47174,0.47174,0.09515000000000001,2
268,CC(=O)O.CN(CCO)CCO,0.19891,0.14469,0.1718,0.1718,0.027109999999999995,2
269,NCCNCCN,0.0056272,0.00479,0.0048044,0.0050065,0.0003584095283331623,4
270,CCCCCCCCCCCCCC[P+](CCCCCC)(CCCCCC)CCCCCC.N#C[N-]C#N,0.43857,0.288,0.36261,0.36131125,0.04775092890130516,8
271,CCCCn1cc[n+](C)c1.O=[N+]([O-])[O-],0.16527,0.12677,0.14601999999999998,0.14601999999999998,0.019250000000000003,2
272,CCCCCCCC[n+]1ccccc1.O=S(=O)([N-]S(=O)(=O)C(F)(F)F)C(F)(F)F,0.11434,0.08874,0.10153999999999999,0.10153999999999999,0.012799999999999999,2
273,CCCC[n+]1ccccc1.O=S(=O)([N-]S(=O)(=O)C(F)(F)F)C(F)(F)F,0.06139,0.048109,0.0494,0.05424533333333333,0.005969987139386854,9
274,CCCCCCCCCC[n+]1ccccc1.O=S(=O)([N-]S(=O)(=O)C(F)(F)F)C(F)(F)F,0.15193,0.11639,0.13416,0.13416,0.017770000000000008,2
275,CCCCCCCCCCCC[n+]1ccccc1.O=S(=O)([N-]S(=O)(=O)C(F)(F)F)C(F)(F)F,0.20045,0.15142,0.175935,0.175935,0.024514999999999995,2
276,CC(=O)c1ccccc1,0.00168,0.001508,0.001653,0.0016084521739130437,7.353733668401686e-05,23
277,CCCCCCn1cc[n+](C)c1.[Br-],2.239,2.239,2.239,2.239,0.0,2
278,CCCN,0.0003585,0.0003527,0.00035575,0.00035565000000000005,2.851753846319828e-06,6
279,CCC(C)(C)O,0.004474,0.00281,0.003645,0.0036606249999999994,0.00047693099278092624,12
280,CCOS(=O)(=O)[O-].CCc1cccc[n+]1CC,0.3247,0.2332,0.27895,0.27895,0.04575,2
281,COS(=O)(=O)[O-].C[n+]1ccccc1,0.1162,0.0692,0.091,0.09213333333333333,0.019204397644521132,3
282,COS(=O)(=O)[O-].Cc1ccc[n+](C)c1,0.1286,0.0971,0.11285,0.11285,0.015749999999999993,2
283,CCc1cccc[n+]1C.COS(=O)(=O)[O-],4.559,3.207,3.883,3.883,0.6760000000000002,2
284,C1CCOCC1,0.000809,0.000749,0.000752,0.0007726428571428572,2.6590430993275843e-05,7
285,C[n+]1ccn(Cc2ccccc2)c1.[Cl-],3.725,2.2062,2.9656000000000002,2.9656000000000002,0.7594000000000001,2
286,COS(=O)(=O)[O-].C[n+]1ccn(Cc2ccccc2)c1,4.5172,2.3931,3.4551499999999997,3.4551499999999997,1.06205,2
287,CCCCCCCCCCCCCC[P+](CCCCCC)(CCCCCC)CCCCCC.O=S(=O)([N-]S(=O)(=O)C(F)(F)F)C(F)(F)F,0.33674,0.241,0.3114,0.29227600000000004,0.03763100934070198,5
288,CCCCCCCCCCCCCC[P+](CCCCCC)(CCCCCC)CCCCCC.[Br-],2.9884,2.0652,2.5267999999999997,2.5267999999999997,0.4616,2
289,CCCCCCCCCCCCCC[P+](CCCCCC)(CCCCCC)CCCCCC.[Cl-],2.7291,1.174,1.8903,1.8944800000000002,0.5041288620977775,5
290,CCCCCCCCCC(=O)[O-].CCCCCCCCCCCCCC[P+](CCCCCC)(CCCCCC)CCCCCC,0.47151,0.3145,0.380945,0.386975,0.059449002725024735,4
291,CCCCCCCCCCCCCC[P+](CCCCCC)(CCCCCC)CCCCCC.CS(=O)(=O)[O-],1.3794,0.96283,1.171115,1.171115,0.208285,2
292,CC(=O)OC(C)(C)C,0.000683,0.000683,0.000683,0.000683,0.0,3
293,Cc1ccccc1O,0.0074791,0.0074791,0.0074791,0.0074791,0.0,1
294,COc1ccc(C=O)cc1,0.003706,0.0032512,0.0032512,0.0034331200000000004,0.0002228055870035579,5
295,Cc1cccc(O)c1,0.008929,0.008929,0.008929,0.008929,0.0,1
296,Cc1ccc(O)cc1,0.0095398,0.0095398,0.0095398,0.0095398,0.0,1
297,CCC[n+]1ccccc1.F[B-](F)(F)F,0.1377,0.09075,0.097275,0.10554166666666666,0.017740758548858298,6
298,CCCCCCCCCCCCCC[P+](CCCCCC)(CCCCCC)CCCCCC.FC(F)(F)C(F)(F)[P-](F)(F)(F)(C(F)(F)C(F)(F)F)C(F)(F)C(F)(F)F,0.34706,0.2555,0.2567,0.2795627272727273,0.03702082315545452,11
299,CCCCCCCC[n+]1ccc2ccccc2c1.O=S(=O)([N-]S(=O)(=O)C(F)(F)F)C(F)(F)F,0.36931,0.36931,0.36931,0.36931,0.0,4
300,OCCc1ccccc1,0.011405,0.0109,0.011405,0.011203,0.00024739846402110113,5
301,NCCCO,0.0305037,0.0238679,0.023981,0.025575308333333335,0.0028189337713806903,12
302,CC(=O)O.Cn1ccnc1,0.006926,0.005913,0.0064195,0.0064195,0.0005065,2
303,COCC[N+]1(C)CCOCC1.FC(F)(F)C(F)(F)[P-](F)(F)(F)(C(F)(F)C(F)(F)F)C(F)(F)C(F)(F)F,0.7224,0.7224,0.7224,0.7224,0.0,1
304,COCC[N+]1(C)CCCCC1.FC(F)(F)C(F)(F)[P-](F)(F)(F)(C(F)(F)C(F)(F)F)C(F)(F)C(F)(F)F,0.1939,0.1939,0.1939,0.1939,0.0,1
305,COCC[N+]1(C)CCCC1.FC(F)(F)C(F)(F)[P-](F)(F)(F)(C(F)(F)C(F)(F)F)C(F)(F)C(F)(F)F,0.11274,0.08788,0.1107,0.10377333333333334,0.011269100328873743,3
306,c1ccc(Oc2ccccc2)cc1,0.0033,0.0033,0.0033,0.0033,0.0,2
307,CC(=O)[O-].CCn1cc[n+](C)c1,0.162,0.09362,0.12625,0.1216840740740741,0.019950648603446877,27
308,CCCCn1cc[n+](C)c1.N#C[S-],0.05981,0.04094,0.0517,0.05116538461538462,0.003854580921817603,13
309,CC(=O)O.CCNCC,0.01636,0.01364,0.01636,0.015453333333333333,0.0012822202965516061,3
310,CC(=O)O.CCN(CC)CC,0.02414,0.0196,0.02412,0.02262,0.002135478088547543,3
311,CCN(CC)CC.O=S(=O)(O)O,0.235,0.153,0.235,0.19985714285714287,0.04057947606304226,7
312,O=CO.OCCNCCO,0.533412,0.369633,0.4515225,0.4515225,0.0818895,2
313,CC[n+]1ccccc1.O=S(=O)([N-]S(=O)(=O)C(F)(F)F)C(F)(F)F,0.04108,0.033308,0.036964,0.037079,0.003386287199869498,4
314,CCCC[n+]1ccccc1C.O=S(=O)([N-]S(=O)(=O)C(F)(F)F)C(F)(F)F,0.095725,0.072046,0.0838855,0.0838855,0.011839500000000003,2
315,CCCC[n+]1ccc(C)cc1.O=S(=O)([N-]S(=O)(=O)C(F)(F)F)C(F)(F)F,0.05633,0.0442,0.0498075,0.0501781,0.005389426638335473,10
316,CCCC[n+]1cccc(C)c1.O=S(=O)([O-])C(F)(F)F,0.126574,0.101268,0.113921,0.113921,0.012652999999999998,2
317,CCCC[n+]1cccc(C)c1.FC(F)(F)C(F)(F)[P-](F)(F)(F)(C(F)(F)C(F)(F)F)C(F)(F)C(F)(F)F,0.106182,0.083796,0.09498899999999999,0.09498899999999999,0.011193000000000002,2
318,c1ccncc1,0.00089434,0.00082,0.000860265,0.0008607900000000001,3.103033032373326e-05,12
319,OCC(O)CO,1.252,0.60083,0.8736,0.8143399999999998,0.19221001650838554,13
320,CCCC[n+]1cccc(C#N)c1.O=S(=O)([N-]S(=O)(=O)C(F)(F)F)C(F)(F)F,0.9837,0.6597,0.8217,0.8217,0.16200000000000003,2
321,CCCCCC[n+]1cccc(C#N)c1.O=S(=O)([N-]S(=O)(=O)C(F)(F)F)C(F)(F)F,1.1159,0.7528,0.93435,0.93435,0.18154999999999993,2
322,CCCCCC[n+]1ccc(C#N)cc1.O=S(=O)([N-]S(=O)(=O)C(F)(F)F)C(F)(F)F,0.7042,0.4818,0.593,0.593,0.11120000000000002,2
323,CCCCCCCC[n+]1cccc(C#N)c1.O=S(=O)([N-]S(=O)(=O)C(F)(F)F)C(F)(F)F,1.527,1.0161,1.27155,1.27155,0.25544999999999995,2
324,Nc1nc[nH]c2ncnc1-2,0.1285,0.09523,0.11186499999999999,0.11186499999999999,0.016635000000000004,4
325,Oc1ccnc(O)n1,0.1285,0.09523,0.11186499999999999,0.11186499999999999,0.016635000000000004,4
326,CCCC[NH3+].O=[N+]([O-])[O-],0.089954,0.073038,0.08149600000000001,0.08149600000000001,0.008457999999999999,14
327,CCCC[N+]1(C)CCCC1.FC(F)(F)C(F)(F)[P-](F)(F)(F)(C(F)(F)C(F)(F)F)C(F)(F)C(F)(F)F,0.2131,0.15961,0.194432,0.1903935,0.021910506766161297,4
328,CC(=O)O.CN(C)C,0.00276,0.00237,0.002565,0.002565,0.00019499999999999986,8
329,CN(C)C.O=S(=O)(O)O,0.0051,0.00448,0.00479,0.00479,0.0003100000000000004,8
330,CN(C)C.O=P(O)(O)O,0.00764,0.00646,0.00705,0.00705,0.0005900000000000002,8
331,C=C(C)C(=O)OC,0.0005544,0.0005248,0.00053955,0.0005396625000000001,1.4638300575886544e-05,8
332,OCCN(CCO)CCO,0.6064,0.3982,0.4047,0.44775,0.08471902580491193,9
333,CCCCCCCC[P+](CCCC)(CCCC)CCCC.[Cl-],4.6696,2.90582,3.7877099999999997,3.7877099999999997,0.8818900000000001,2
334,CC(=O)O.CCCCN,0.546348,0.39717,0.471759,0.471759,0.07458899999999996,6
335,COC(=O)CCC(C)=O,0.0020076,0.0017287,0.0018652,0.001866675,0.00010493127214991728,4
336,CCCCCC[N+](CC)(CC)CC.O=S(=O)([N-]S(=O)(=O)C(F)(F)F)C(F)(F)F,0.1875,0.1367,0.16225,0.162175,0.02488065262407721,4
337,CCCCCCCC[N+](CC)(CC)CC.O=S(=O)([N-]S(=O)(=O)C(F)(F)F)C(F)(F)F,0.2387,0.1639,0.20015,0.200725,0.030421897951968747,4
338,CCCCC[N+](CC)(CC)CC.O=S(=O)([N-]S(=O)(=O)C(F)(F)F)C(F)(F)F,0.169,0.1214,0.14379999999999998,0.1455,0.02123291470021643,6
339,CCCCCCCCCC[N+](CC)(CC)CC.O=S(=O)([N-]S(=O)(=O)C(F)(F)F)C(F)(F)F,0.2886,0.2054,0.24819999999999998,0.24760000000000001,0.0378613919448295,4
340,CCCCCCCCCCCC[N+](CC)(CC)CC.O=S(=O)([N-]S(=O)(=O)C(F)(F)F)C(F)(F)F,0.3216,0.2276,0.2805,0.27755,0.04003807562808183,4
341,COC(=O)c1ccccc1,0.001918,0.001667,0.0017285,0.0017592142857142865,9.75837944475183e-05,14
342,CCOC(=O)c1ccccc1,0.001971,0.001748,0.001971,0.0018820000000000004,0.00010900275225883068,5
343,CCCCCCCCN(CCCCCCCC)CCCCCCCC,0.008392,0.007114,0.007114,0.007327,0.00047628247920745537,6
344,CCCCCc1c(C)cc(C)c[n+]1CC.O=S(=O)([N-]S(=O)(=O)C(F)(F)F)C(F)(F)F,0.26,0.187,0.2235,0.2235,0.036500000000000005,2
345,CCCCCc1c(C)cc(C)c[n+]1CCCC.O=S(=O)([N-]S(=O)(=O)C(F)(F)F)C(F)(F)F,0.253,0.186,0.2195,0.2195,0.0335,2
346,CCCCCC[n+]1cc(C)cc(C)c1C.O=S(=O)([N-]S(=O)(=O)C(F)(F)F)C(F)(F)F,0.174,0.129,0.1515,0.1515,0.022499999999999992,2
347,CCCCCC[n+]1cc(C)cc(C)c1CCCCC.O=S(=O)([N-]S(=O)(=O)C(F)(F)F)C(F)(F)F,0.278,0.204,0.241,0.241,0.03700000000000002,2
348,OCC(F)(F)F,0.00184,0.00162,0.0017547,0.0017349400000000001,9.888183048467505e-05,10
349,CCn1cc[n+](C)c1.N#C[S-],0.024505,0.0176,0.0217365,0.0215885,0.0023699766876490573,8
350,CC1=CCC(C(C)C)=CC1,0.0011443,0.000852,0.00099815,0.00099815,0.00014615,2
351,C=C1CC[C@H]2C[C@@H]1C2(C)C,0.0016162,0.001531,0.0015736,0.0015736,4.259999999999995e-05,2
352,C=C(C)[C@@H]1CC=C(C)C(=O)C1,0.0024562,0.0024562,0.0024562,0.0024562,0.0,1
353,CCOc1ccccc1,0.001223,0.001223,0.001223,0.001223,0.0,1
354,CCCN.O=CO,0.0786,0.06358,0.07109,0.07109,0.007510000000000003,2
355,CC(=O)O.CCCN,0.62741,0.43542,0.531415,0.531415,0.09599500000000002,2
356,NCCCO.O=CO,0.25715,0.19839,0.22777,0.22777,0.02937999999999999,2
357,CC(=O)O.NCCCO,2.82701,1.93703,2.38202,2.38202,0.44499,2
358,NCCCO.O=C(O)C(F)(F)F,0.97033,0.67732,0.823825,0.823825,0.146505,2
359,CCn1cc[n+](C)c1.c1c[n-]cn1,0.0879,0.0879,0.0879,0.0879,0.0,1
360,C[n+]1ccn(CCO)c1.c1c[n-]cn1,8.896,8.896,8.896,8.896,0.0,1
361,CCCCn1cc[n+](C)c1.c1c[n-]cn1,0.2726,0.2726,0.2726,0.2726,0.0,1
362,C[n+]1ccn(CCCN)c1.c1c[n-]cn1,0.0984,0.0984,0.0984,0.0984,0.0,1
363,C[n+]1ccn(CCn2cc[n+](C)c2)c1.c1c[n-]cn1.c1c[n-]cn1,6.306,6.306,6.306,6.306,0.0,1
364,C[n+]1ccn(CCCCn2cc[n+](C)c2)c1.c1c[n-]cn1.c1c[n-]cn1,3.058,3.058,3.058,3.058,0.0,1
365,CCn1cc[n+](C)c1.COS(=O)(=O)[O-],0.09491,0.05439,0.0685,0.06961066666666667,0.01143803623393845,15
366,CCCCn1cc[n+](C)c1.COS(=O)(=O)[O-],0.223,0.1519,0.21809499999999998,0.19916999999999999,0.030542095540417657,6
367,CCCCCCCCOS(=O)(=O)[O-].CCn1cc[n+](C)c1,0.6016,0.3681,0.42765,0.46241666666666664,0.09455001175157103,6
368,C[n+]1ccn(CCO)c1.FC(F)(F)C(F)(F)[P-](F)(F)(F)(C(F)(F)C(F)(F)F)C(F)(F)C(F)(F)F,0.2042,0.2042,0.2042,0.2042,0.0,1
369,CC[n+]1ccccc1C.O=S(=O)([N-]S(=O)(=O)C(F)(F)F)C(F)(F)F,0.07584,0.06069,0.068265,0.068265,0.007575000000000002,2
370,CC[n+]1cccc(C)c1.O=S(=O)([N-]S(=O)(=O)C(F)(F)F)C(F)(F)F,0.03908,0.03233,0.035705,0.035705,0.0033749999999999995,2
371,CC[n+]1ccc(C)cc1.O=S(=O)([N-]S(=O)(=O)C(F)(F)F)C(F)(F)F,0.03283,0.02731,0.03007,0.03007,0.002720294101747088,4
372,CCOC(=O)C(F)(F)F,0.0004506,0.0004107,0.0004295,0.000430075,1.4762685223224128e-05,4
373,C[N+]1(CCCO)CCOCC1.O=S(=O)([N-]S(=O)(=O)C(F)(F)F)C(F)(F)F,1.183,1.183,1.183,1.183,0.0,1
374,C[n+]1ccn(CC#N)c1.O=S(=O)([N-]S(=O)(=O)C(F)(F)F)C(F)(F)F,0.3155,0.2228,0.26915,0.26915,0.04635,2
375,C[n+]1ccn(CCO)c1.O=S(=O)([N-]S(=O)(=O)C(F)(F)F)C(F)(F)F,0.08689,0.06766,0.077275,0.077275,0.009614999999999999,2
376,C=CCn1cc[n+](C)c1.N#C[N-]C#N,0.0196,0.0166,0.018099999999999998,0.018099999999999998,0.0014999999999999996,2
377,C[n+]1ccn(CCCC#N)c1.N#C[N-]C#N,0.1585,0.1187,0.1386,0.1386,0.0199,2
378,C[n+]1ccn(CCCl)c1.N#C[N-]C#N,0.1217,0.0917,0.1067,0.1067,0.015,2
379,CCCC[N+]1(C)CCCC1.N#C[N-]C#N,0.04178,0.02853,0.034144999999999995,0.03395333333333333,0.0044093108557032145,6
380,CCCCNCCO.O=C(O)C(F)(F)F,0.2117,0.2117,0.2117,0.2117,0.0,1
381,CCCC[NH2+]CCO.O=[N+]([O-])[O-],0.2721,0.2721,0.2721,0.2721,0.0,1
382,CCCC=O,0.00043,0.0004,0.000415,0.000415,1.4999999999999985e-05,4
383,CCCCn1cc[n+](CC)c1.[Br-],0.03026,0.02104,0.02565,0.02565,0.0046099999999999995,2
384,CCCCn1cc[n+](C)c1.O=C(O)c1ccccc1[O-],0.77763,0.50142,0.639525,0.639525,0.13810500000000003,2
385,CCCCn1cc[n+](C)c1.NCCS(=O)(=O)[O-],1.16925,0.79987,0.9845599999999999,0.9845599999999999,0.18468999999999997,2
386,CCCCn1cc[n+](C)c1.O=S(=O)([O-])C(F)(F)F,0.0928,0.06319,0.07658999999999999,0.07717666666666666,0.013034002540364268,6
387,Nc1ccccc1,0.00369,0.00319,0.00325,0.0033766666666666667,0.00022291004663067325,6
388,CN(C)c1ccccc1,0.00118,0.00117,0.0011743,0.00117572,3.831135601880992e-06,5
389,CCN(CC)c1ccccc1,0.00172,0.001703,0.0017115,0.0017115,8.499999999999936e-06,4
390,CC[n+]1cccc(C)c1.O=C([O-])C(F)(F)C(F)(F)C(F)(F)C(F)(F)F,0.1471,0.1108,0.12895,0.12895,0.018150000000000006,2
391,CCCCCCCC/C=C\CCCCCCCC(=O)[O-].CCCCCCCC[N+](CCCCCCCC)(CCCCCCCC)CCCCCCCC,1.1534,0.8048,0.9791,0.9791,0.1743,2
392,CCCCCCCC/C=C\CCCCCCCC(=O)[O-].CCCCCC[N+](CCCCCC)(CCCCCC)CCCCCC,1.6237,1.0866,1.35515,1.35515,0.26854999999999996,2
393,CCCCCCCC/C=C\CCCCCCCC(=O)[O-].CCCCCCCC[N+](C)(CCCCCCCC)CCCCCCCC,1.9714,1.3546,1.663,1.663,0.3084,2
394,C=CCn1cc[n+](C)c1.O=S(=O)([N-]S(=O)(=O)C(F)(F)F)C(F)(F)F,0.0319,0.0319,0.0319,0.0319,0.0,1
395,OCC(F)(F)C(F)F,0.0050291,0.0035945,0.0042738,0.004236220000000001,0.0005101779979575754,5
396,OCC(F)(F)C(F)(F)C(F)(F)C(F)F,0.0131131,0.0087389,0.0106354,0.010909720000000001,0.0015646151468012828,5
397,CC[N+](C)(CC)CCOC.O=S(=O)([N-]S(=O)(=O)C(F)(F)F)C(F)(F)F,0.0718,0.0568,0.07096,0.06652,0.006881627714429194,3
398,CCCCCC[N+]1(C)CCOCC1.O=S(=O)([N-]S(=O)(=O)C(F)(F)F)C(F)(F)F,0.501,0.352,0.4265,0.4265,0.07450000000000001,2
399,CCn1cc[n+](C)c1.COP(=O)([O-])OC,0.2698721,0.186,0.19540425,0.21167015,0.033876340071538134,4
400,CCCCn1cc[n+](C)c1.COP(=O)([O-])OC,0.5847403,0.3693,0.4098813,0.45464053333333326,0.09347431890618703,3
401,C1CCC2=NCCCN2CC1.CC(=O)O,0.084727,0.084727,0.084727,0.084727,0.0,1
402,C1CCC2=NCCCN2CC1.O=C(O)C(F)(F)F,0.49376,0.49376,0.49376,0.49376,0.0,1
403,C1CCC2=NCCCN2CC1.CS(=O)(=O)O,1.177,1.177,1.177,1.177,0.0,1
404,C1CCC2=NCCCN2CC1.O=S(=O)(O)C(F)(F)F,0.52423,0.52423,0.52423,0.52423,0.0,1
405,N#C[N-]C#N.OCCC[n+]1ccccc1,0.115,0.115,0.115,0.115,0.0,1
406,CCCCn1cc[n+](C)c1.CCOS(=O)(=O)[O-],0.3791,0.181,0.28005,0.28005,0.09905,2
407,CC(=O)OCC(COC(C)=O)OC(C)=O,0.01636,0.0125,0.01636,0.015073333333333333,0.0018196214502533819,3
408,CCOC(=O)CC(O)(CC(=O)OCC)C(=O)OCC,0.0321,0.02079,0.0321,0.028329999999999994,0.005331585130146567,3
409,CCOC(=O)CC(CC(=O)OCC)(OC(C)=O)C(=O)OCC,0.04655,0.03456,0.04655,0.04255333333333333,0.0056521402042844695,3
410,CC(=O)[O-].CCCCCCCCCCCCCC[P+](CCCCCC)(CCCCCC)CCCCCC,0.406,0.1512,0.2471,0.26285000000000003,0.0982794357940663,4
411,CCCC(=O)[O-].CCCCCCCCCCCCCC[P+](CCCCCC)(CCCCCC)CCCCCC,0.2511,0.1902,0.22065,0.22065,0.03044999999999999,2
412,CCCCCC(=O)[O-].CCCCCCCCCCCCCC[P+](CCCCCC)(CCCCCC)CCCCCC,0.3431,0.2607,0.3019,0.3019,0.041200000000000014,2
413,CCCCCCCC(=O)[O-].CCCCCCCCCCCCCC[P+](CCCCCC)(CCCCCC)CCCCCC,0.4002,0.3012,0.3507,0.3507,0.04949999999999999,2
414,CC[N+]1(C)CCOCC1.N#C[N-]C#N,0.176,0.176,0.176,0.176,0.0,1
415,CCn1cc[n+](C)c1C.O=S(=O)([N-]S(=O)(=O)C(F)(F)F)C(F)(F)F,0.07134,0.05764,0.06448999999999999,0.06448999999999999,0.006850000000000002,6
416,CCCCn1cc[n+](C)c1C.O=S(=O)([N-]S(=O)(=O)C(F)(F)F)C(F)(F)F,0.10219,0.07923,0.09064249999999999,0.09060062499999999,0.011312671114037349,8
417,C[C@H](O)C(=O)[O-].C[N+](C)(C)CCO,3.929,2.903,3.416,3.416,0.5129999999999999,2
418,C[N+](C)(C)CCO.[O-]c1cccc2cccnc12,4870.96,4870.96,4870.96,4870.96,0.0,1
419,C[N+](C)(C)CCO.Nc1ccccc1C(=O)[O-],761.84,423.91,592.875,592.875,168.965,2
420,C[N+](C)(C)CCO.O=C([O-])c1ccccn1,4.018,2.831,3.4245,3.4245,0.5934999999999999,2
421,C[C@H](N)C(=O)[O-].C[N+](C)(C)CCO,0.715,0.2349,0.3856,0.4451666666666667,0.20047467559658388,3
422,CCCC(=O)O.CCCCCCN(CCCCCC)CCCCCC,0.01152,0.00909,0.01091,0.010506666666666666,0.001032225212290849,3
423,CCCCCC(=O)O.CCCCCCN(CCCCCC)CCCCCC,0.01253,0.00955,0.01144,0.011173333333333334,0.0012311060970615906,3
424,CCCCCCCC(=O)O.CCCCCCN(CCCCCC)CCCCCC,0.0159,0.01155,0.01393,0.013793333333333333,0.0017785074891292674,3
425,CCCC(=O)O.CCCCCCCCN(CCCCCCCC)CCCCCCCC,0.01603,0.01206,0.01455,0.014213333333333333,0.0016381357968400813,3
426,CCCCCC(=O)O.CCCCCCCCN(CCCCCCCC)CCCCCCCC,0.02059,0.01376,0.01672,0.017023333333333335,0.0027965732999909415,3
427,CCCCCCCC(=O)O.CCCCCCCCN(CCCCCCCC)CCCCCCCC,0.02507,0.01663,0.0203,0.020666666666666667,0.0034553565501824683,3
428,C[n+]1ccn(CCC[N+](C)(C)C)c1.N#C[N-]C#N.N#C[N-]C#N,1.007,0.6629,0.83495,0.83495,0.17204999999999993,4
429,CCN(CC)C(N(C)C)=[N+](C)C.O=S(=O)([N-]S(=O)(=O)C(F)(F)F)C(F)(F)F,0.06501,0.05296,0.058984999999999996,0.058985,0.006024999999999999,6
430,CCN(CC)CCO,0.00401,0.003375,0.00341,0.0035229999999999997,0.0002438770181874462,5
431,CCOC(=O)CC(=O)OCC,0.001941,0.001721,0.001755,0.0018056666666666666,9.669654710599659e-05,6
432,CCOC(=O)C(Br)C(=O)OCC,0.003614,0.003614,0.003614,0.003614,0.0,2
433,CCOC(=O)CCl,0.001275,0.0009692,0.001095,0.0010761500000000001,8.817104116431883e-05,16
434,ClC(Cl)(Cl)Cl,0.0009096,0.00083,0.00086045,0.00086586875,3.0116372597600462e-05,16
435,ClC(Cl)C(Cl)Cl,0.001591,0.001431,0.001464,0.00149055,5.9135923937992204e-05,8
436,CCCCCCCl,0.0007173,0.0006544,0.0006702,0.00068588,2.6295048963635736e-05,5
437,CCCCCCBr,0.000903,0.000903,0.000903,0.000903,0.0,1
438,CCCCCOC(C)=O,0.0007573,0.0007573,0.0007573,0.0007573,0.0,1
439,CCCNCCC,0.000512,0.0005118,0.0005118,0.0005118666666666667,9.428090415820862e-08,3
440,CCCN(CCC)CCC,0.000598,0.0005977,0.0005977,0.0005978,1.414213562372874e-07,3
441,CCN(CC)CC,0.000367,0.0003296,0.000347,0.00034783529411764707,1.4553469009401585e-05,17
442,CCCn1cc[n+](C)c1C.O=S(=O)([N-]S(=O)(=O)C(F)(F)F)C(F)(F)F,0.09005,0.085,0.087525,0.087525,0.0025249999999999995,2
443,c1ccc2c(c1)CCCC2,0.002021,0.001749,0.00184,0.0018901818181818184,0.00010444904645704099,11
444,C1CCC2CCCCC2C1,0.002091,0.00179,0.00206586,0.0020282633333333334,0.00010714610175933714,6
445,CC(=O)OC1CCCCC1,0.00195,0.00195,0.00195,0.00195,0.0,2
446,CC(=O)OCCC1CCCCC1,0.00254,0.00254,0.00254,0.00254,0.0,2
447,CCC#N,0.0004107,0.0003991,0.00040490000000000003,0.00040490000000000003,5.8000000000000055e-06,4
448,CCCC#N,0.00086,0.0005255,0.00069315,0.00069295,0.00015738101060801458,8
449,CN(C)CCCO,0.005839,0.004963,0.0057824,0.005477279999999999,0.00042041616714869534,5
450,CCN(CC)CC.O=P(O)(O)O,0.06431,0.0571,0.060684999999999996,0.060695,0.0035950278163040693,8
451,CCOS(=O)(=O)[O-].CC[N+]1(C)CCCCC1,1.821,1.186,1.5034999999999998,1.5034999999999998,0.3175,4
452,OC1CCCCC1,0.041072,0.041072,0.041072,0.041072,0.0,2
453,C1=CCCCC1,0.000581,0.000581,0.000581,0.000581,0.0,2
454,CCCC[P+](C)(CCCC)CCCC.[Cl-],4.692,4.692,4.692,4.692,0.0,1
455,CCCC[P+](C)(CCCC)CCCC.O=S(=O)([N-]S(=O)(=O)C(F)(F)F)C(F)(F)F,0.156,0.156,0.156,0.156,0.0,1
456,CCCCCCCCCCCCCCCCCC,0.00421,0.00351,0.003836,0.0038347052631578947,0.00016667869334262384,95
457,COC(=O)CCCCC(=O)OC,0.00298,0.002604,0.00279,0.0027883166666666666,0.00015654669608636124,6
458,COC(=O)c1ccccc1C(=O)OC,0.013928,0.011152,0.012539999999999999,0.012539999999999999,0.0013879999999999995,2
459,CCn1cc[n+](C)c1.NCC(=O)[O-],0.17197,0.04775,0.12619,0.11759666666666664,0.048450800704311264,6
460,CCn1cc[n+](C)c1.C[C@H](N)C(=O)[O-],0.26398,0.1266,0.18779,0.20022166666666666,0.04950139776365467,6
461,CCn1cc[n+](C)c1.NCCS(=O)(=O)[O-],0.51467,0.35936,0.437015,0.43701500000000004,0.07765499999999997,4
462,CCn1cc[n+](C)c1.N[C@@H](CO)C(=O)[O-],2.23555,0.27982,1.37625,1.3190466666666665,0.7736597280602256,6
463,CCn1cc[n+](C)c1.O=C([O-])[C@@H]1CCCN1,1.19463,0.29517,0.77151,0.775595,0.3425772402320388,6
464,CCn1cc[n+](C)c1.FC(F)(F)C(F)(F)[P-](F)(F)(F)(C(F)(F)C(F)(F)F)C(F)(F)C(F)(F)F,0.06077,0.04909,0.05935,0.05696714285714286,0.004982497120021284,7
465,CCCCn1cc[n+](C)c1.O=S(=O)([N-]S(=O)(=O)C(F)(F)C(F)(F)F)C(F)(F)C(F)(F)F,0.1159,0.08972,0.10281,0.10281,0.013090000000000004,2
466,CCCCn1cc[n+](C)c1.O=S(=O)(F)[N-]S(=O)(=O)F,0.03293,0.02764,0.030285,0.030285,0.0026449999999999998,2
467,CCCCCCCCCCCCCC(=O)OC,0.0039821,0.003496,0.00351,0.00360822,0.00018757802003433117,5
468,CC(C)n1cc[n+](C)c1.O=S(=O)([N-]S(=O)(=O)C(F)(F)F)C(F)(F)F,0.048,0.0369,0.042249999999999996,0.04235,0.004548900966167542,4
469,CC(C)CCn1cc[n+](C)c1.O=S(=O)([N-]S(=O)(=O)C(F)(F)F)C(F)(F)F,0.069,0.056,0.0625,0.0625,0.006500000000000002,2
470,CC(C)CCCn1cc[n+](C)c1.O=S(=O)([N-]S(=O)(=O)C(F)(F)F)C(F)(F)F,0.085,0.069,0.07700000000000001,0.07700000000000001,0.008,2
471,OCCOCCOCCOCCO,0.045862,0.035923,0.0408925,0.0408925,0.004969500000000002,2
472,COCCOCCO,0.003403,0.003,0.0032015000000000004,0.0032015000000000004,0.00020150000000000007,2
473,CCOCCOCCOCC,0.001254,0.001156,0.001205,0.001205,4.9e-05,2
474,C1CCC(C2CCCCC2)CC1,0.00318,0.00318,0.00318,0.00318,0.0,1
475,CCCn1cc[n+](C)c1.O=C([O-])O,0.04267,0.03324,0.037955,0.037955,0.0047150000000000004,2
476,CCCCn1cc[n+](C)c1.O=C([O-])O,0.07373,0.05764,0.065685,0.065685,0.008045000000000004,2
477,CCCCCn1cc[n+](C)c1.O=C([O-])O,0.1086,0.08509,0.096845,0.096845,0.011755000000000002,2
478,CCCn1cc[n+](C)c1.O=P([O-])(O)O,0.06192,0.04958,0.05575,0.05575,0.006170000000000002,2
479,CCCCn1cc[n+](C)c1.O=P([O-])(O)O,0.1256,0.1011,0.11334999999999999,0.11334999999999999,0.012249999999999997,2
480,CCCCCn1cc[n+](C)c1.O=P([O-])(O)O,0.205,0.1626,0.1838,0.1838,0.021199999999999997,2
481,CCn1cc[n+](C)c1C.O=S(=O)([O-])O,0.186,0.1349,0.16044999999999998,0.16044999999999998,0.025550000000000003,2
482,CCCn1cc[n+](C)c1C.O=S(=O)([O-])O,0.2637,0.1942,0.22895,0.22895,0.03474999999999999,2
483,CCCCn1cc[n+](C)c1C.O=S(=O)([O-])O,0.3552,0.2713,0.31325000000000003,0.31325000000000003,0.041950000000000015,2
484,CCCCCn1cc[n+](C)c1C.O=S(=O)([O-])O,0.4628,0.3587,0.41075,0.41075,0.052049999999999985,2
485,COS(=O)(=O)[O-].C[N+](CCO)(CCO)CCO,1.236,0.51,0.781,0.8423333333333334,0.2995444689672785,3
486,NCCCNCCCN,0.00851,0.00704,0.007775000000000001,0.007775000000000001,0.000735,2
487,CCCC[N+]1(C)CCCC1.O=S(=O)([O-])C(F)(F)F,0.16787,0.128,0.146855,0.147395,0.01860024798221787,4
488,CCCCn1c[nH+]c2ccccc21.O=S(=O)([N-]S(=O)(=O)C(F)(F)F)C(F)(F)F,0.49714,0.49714,0.49714,0.49714,0.0,1
489,CCCCn1cc[nH+]c1-c1ccccc1.O=S(=O)([N-]S(=O)(=O)C(F)(F)F)C(F)(F)F,0.33974,0.33974,0.33974,0.33974,0.0,1
490,CCCC[n+]1ccn(Cc2ccccc2)c1.O=S(=O)([N-]S(=O)(=O)C(F)(F)F)C(F)(F)F,0.052838,0.052838,0.052838,0.052838,0.0,1
491,CCn1cc[n+](C)c1.N#C[B-](C#N)(C#N)C#N,0.01964,0.01465,0.018005,0.01755125,0.001671286461831125,16
492,CCn1cc[n+](C)c1.CS(=O)(=O)[O-],0.1815,0.0705,0.1387,0.13939190476190474,0.027118410829097113,21
493,CCCCCCCCCCCCCC[P+](CCCCCC)(CCCCCC)CCCCCC.c1c[n-]nn1,0.438,0.321,0.3795,0.3795,0.058499999999999996,2
494,CCCCCCCCCCCCCC[P+](CCCCCC)(CCCCCC)CCCCCC.O=[N+]([O-])c1cn[n-]c1,0.71,0.51,0.61,0.61,0.09999999999999998,2
495,CCCCCCCCCCCCCC[P+](CCCCCC)(CCCCCC)CCCCCC.O=[N+]([O-])c1cnc[n-]1,0.735,0.533,0.634,0.634,0.10099999999999998,2
496,CCCCCCCCCCCCCC[P+](CCCCCC)(CCCCCC)CCCCCC.Clc1nc[n-]c1Cl,0.789,0.566,0.6775,0.6775,0.11150000000000004,2
497,CCCCCCCCCCCCCC[P+](CCCCCC)(CCCCCC)CCCCCC.N#Cc1nc[n-]c1C#N,0.535,0.391,0.463,0.463,0.07200000000000001,2
498,CCCCCCCCCCCCCC[P+](CCCCCC)(CCCCCC)CCCCCC.Cc1ncc([N+](=O)[O-])[n-]1,1.11,0.786,0.9480000000000001,0.9480000000000001,0.16200000000000003,2
499,CCCCCCCCCCCCCC[P+](CCCCCC)(CCCCCC)CCCCCC.c1nn[n-]n1,0.6,0.437,0.5185,0.5185,0.08149999999999999,2
500,CCCCCCCCCCCC[P+](CCCC)(CCCC)CCCC.c1c[n-]nn1,0.484,0.343,0.4135,0.4135,0.07049999999999998,2
501,CCCC[P+](CCCC)(CCCC)COC.c1c[n-]nn1,0.237,0.17,0.20350000000000001,0.20350000000000001,0.03349999999999999,2
502,CCCC[P+](CC)(CC)CC.Cc1ncc([N+](=O)[O-])[n-]1,0.391,0.277,0.334,0.334,0.056999999999999995,2
503,CCCC[P+](CC)(CC)CC.O=[N+]([O-])c1cn[n-]c1,0.189,0.141,0.16499999999999998,0.16499999999999998,0.024000000000000007,2
504,CCCCCCC[P+](CC)(CC)CC.O=[N+]([O-])c1cn[n-]c1,0.223,0.165,0.194,0.194,0.028999999999999998,2
505,CCCCCCCC[P+](CC)(CC)CC.O=[N+]([O-])c1cn[n-]c1,0.238,0.175,0.2065,0.2065,0.0315,2
506,CCCCCCCCC[P+](CC)(CC)CC.O=[N+]([O-])c1cn[n-]c1,0.291,0.213,0.252,0.252,0.03899999999999999,2
507,CCCCCCCCCC[P+](CC)(CC)CC.O=[N+]([O-])c1cn[n-]c1,0.325,0.236,0.28049999999999997,0.28049999999999997,0.04450000000000001,2
508,CCCCCCCC[P+](CC)(CC)CC.O=[N+]([O-])c1cnc[n-]1,0.276,0.204,0.24,0.24,0.03600000000000002,2
509,CCCCCCCC[P+](CC)(CC)CC.Cc1ncc([N+](=O)[O-])[n-]1,0.637,0.446,0.5415,0.5415,0.0955,2
510,CCCCCCCC[P+](CC)(CC)CC.O=S(=O)([N-]S(=O)(=O)C(F)(F)F)C(F)(F)F,0.111,0.087,0.099,0.099,0.012000000000000004,2
511,CC[P+](CC)(CC)COCCOC.c1c[n-]nn1,0.08,0.064,0.07200000000000001,0.07200000000000001,0.008,2
512,CCOC[P+](CC)(CC)CC.c1c[n-]nn1,0.062,0.062,0.062,0.062,0.0,1
513,CC[P+](CC)(CC)COCCOC.O=[N+]([O-])c1cn[n-]c1,0.088,0.069,0.0785,0.0785,0.009499999999999995,2
514,CC[P+](CC)(CC)COCCOC.Cc1ncc([N+](=O)[O-])[n-]1,0.14,0.106,0.123,0.123,0.017000000000000008,2
515,CCCCCCSC(N(C)C)=[N+](C)C.O=S(=O)([N-]S(=O)(=O)C(F)(F)F)C(F)(F)F,0.085,0.068,0.07650000000000001,0.07650000000000001,0.0085,2
516,CCCCCCCCSC(N(C)C)=[N+](C)C.O=S(=O)([N-]S(=O)(=O)C(F)(F)F)C(F)(F)F,0.108,0.085,0.0965,0.0965,0.011499999999999996,2
517,CCCC[S+]1CCCCC1.O=S(=O)([N-]S(=O)(=O)C(F)(F)F)C(F)(F)F,0.112,0.088,0.1,0.1,0.012000000000000004,2
518,CCCC[n+]1cccn1C.O=S(=O)([N-]S(=O)(=O)C(F)(F)F)C(F)(F)F,0.07,0.055,0.0625,0.0625,0.007500000000000003,2
519,CCCC[S+]1CCCC1.O=S(=O)([N-]S(=O)(=O)C(F)(F)F)C(F)(F)F,0.091,0.073,0.08199999999999999,0.08199999999999999,0.009000000000000001,2
520,CCCCCCn1cc[n+](C)c1.O=[N+]([O-])c1cn[n-]c1,0.407,0.275,0.34099999999999997,0.34099999999999997,0.06599999999999998,2
521,CCCCCCn1cc[n+](C)c1C.O=[N+]([O-])c1cn[n-]c1,1.11,0.691,0.9005000000000001,0.9005000000000001,0.20950000000000008,2
522,CCCCCCn1cc[n+](C)c1.c1c[n-]nn1,0.419,0.294,0.3565,0.3565,0.0625,2
523,CCCCCCn1cc[n+](C)c1.c1nc[n-]n1,0.381,0.258,0.3195,0.3195,0.0615,2
524,CCCCCCn1cc[n+](C)c1.c1nn[n-]n1,0.384,0.273,0.3285,0.3285,0.055499999999999994,2
525,CCCCCCn1cc[n+](C)c1.N#Cc1ccc[n-]1,0.239,0.167,0.203,0.203,0.03599999999999999,2
526,CCCn1cc[n+](C)c1C.O=[N+]([O-])c1cn[n-]c1,0.722,0.447,0.5845,0.5845,0.13749999999999998,2
527,CCOCc1n(CC)cc[n+]1C.O=S(=O)([N-]S(=O)(=O)C(F)(F)F)C(F)(F)F,0.066,0.053,0.0595,0.0595,0.006500000000000002,2
528,CC(=O)[O-].CCCCCCn1cc[n+](C)c1,1.27,0.816,1.043,1.043,0.22700000000000004,2
529,N#CCCn1ccnc1.O=S(=O)(O)O,3.1022,3.1022,3.1022,3.1022,0.0,1
530,Cc1ccc(S(=O)(=O)O)cc1.N#CCCn1ccnc1,24.795,24.795,24.795,24.795,0.0,1
531,CC(=O)O.N#CCCn1ccnc1,0.055284,0.055284,0.055284,0.055284,0.0,1
532,COC(=O)c1ccc(C(C)(C)C)cc1,0.005867,0.005013,0.00544,0.00544,0.00042699999999999986,2
533,C[NH+](C)C=O.O=S(=O)([N-]S(=O)(=O)C(F)(F)F)C(F)(F)F,0.03071,0.02532,0.028014999999999998,0.028014999999999998,0.002695000000000001,2
534,CCC(=O)[NH+](C)C.O=S(=O)([N-]S(=O)(=O)C(F)(F)F)C(F)(F)F,0.1177,0.09133,0.104515,0.104515,0.013185000000000002,2
535,CCC(=O)N(C)C,0.000958,0.000892,0.000925,0.000925,3.299999999999999e-05,2
536,CNCc1ccccc1,0.00158,0.0014,0.00149,0.00149,9.000000000000002e-05,2
537,CN(C)Cc1ccccc1,0.00119,0.00109,0.00114,0.00114,5.000000000000002e-05,2
538,c1ccc(CNCc2ccccc2)cc1,0.0076,0.00646,0.00703,0.00703,0.0005700000000000002,2
539,OCC1CCCCC1,0.028353,0.022043,0.025197999999999998,0.025197999999999998,0.003155,2
540,N#CCCCC#N,0.00612,0.00539,0.005755,0.005755,0.0003649999999999999,4
541,N#CCCCCC#N,0.00631,0.00553,0.00599,0.005934,0.0003499485676495902,5
542,CN(C)CCCN,0.0009823,0.0009823,0.0009823,0.0009823,0.0,1
543,CCCCCCCC[N+](C)(CCCCCCCC)CCCCCCCC.O=C([O-])C(F)(F)F,1.551,1.551,1.551,1.551,0.0,1
544,CCCCCn1cc[n+](C)c1.FC(F)(F)C(F)(F)[P-](F)(F)(F)(C(F)(F)C(F)(F)F)C(F)(F)C(F)(F)F,0.1328,0.0847,0.10875,0.10875,0.024050000000000002,2
545,COCCCCn1cc[n+](C)c1.FC(F)(F)C(F)(F)[P-](F)(F)(F)(C(F)(F)C(F)(F)F)C(F)(F)C(F)(F)F,0.1226,0.1035,0.11305,0.11305,0.009550000000000003,2
546,NCCNCCO,0.09927,0.0705,0.07164,0.08291714285714287,0.013781926792812715,7
547,CC(=O)C1CC1,0.0005572,0.0005572,0.0005572,0.0005572,0.0,1
548,CC(=O)CCCCl,0.0015819,0.0015819,0.0015819,0.0015819,0.0,2
549,CCCCn1cc[n+](C)c1.FC(F)(F)C(F)(F)[P-](F)(F)(F)(C(F)(F)C(F)(F)F)C(F)(F)C(F)(F)F,0.078002,0.062135,0.0700685,0.0700685,0.0079335,2
550,CCCCCCCC=O,0.002757,0.0012,0.0012,0.0017189999999999998,0.0007339768388716363,3
551,Cc1ccc(C(C)C)cc1,0.000777,0.000777,0.000777,0.000777,0.0,1
552,CC1=CC[C@H]2C[C@@H]1C2(C)C,0.001284,0.001284,0.001284,0.001284,0.0,1
553,CC(C)=CCC/C(C)=C/CO,0.00669,0.00669,0.00669,0.00669,0.0,1
554,CCCCCCCCCC=O,0.003039,0.00156,0.00156,0.0020529999999999997,0.0006972072862499359,3
555,CCCC[n+]1ccccc1.O=S(=O)(F)[N-]S(=O)(=O)F,0.04,0.0333,0.03665,0.03665,0.003349999999999999,4
556,CCC[N+]1(C)CCCCC1.O=S(=O)(F)[N-]S(=O)(=O)F,0.0512,0.0433,0.04725,0.04724999999999999,0.003950000000000002,6
557,CCCC[N+]1(C)CCCC1.O=S(=O)(F)[N-]S(=O)(=O)F,0.086,0.04476,0.0702,0.070825,0.0144940944870661,8
558,CCCC[N+]1(C)CCCC1.O=C1O[B-]2(OC1=O)OC(=O)C(=O)O2,1.732,1.732,1.732,1.732,0.0,2
559,CCCCC[P+](CC)(CC)CC.O=S(=O)([N-]S(=O)(=O)C(F)(F)F)C(F)(F)F,0.0875,0.0688,0.07815,0.07815,0.009349999999999997,4
560,CCC[N+](C)(C)C.O=S(=O)([N-]S(=O)(=O)C(F)(F)F)C(F)(F)F,0.0794,0.0632,0.0713,0.07130000000000002,0.008099999999999996,6
561,CCCCCCCCCCCO,0.014222,0.011524,0.013721,0.013237642857142861,0.0010937954631950722,14
562,CCCCCCCCCCCCO,0.016969,0.016969,0.016969,0.016969,0.0,1
563,CNCCO,0.010634,0.00842,0.009446099999999999,0.009553585714285715,0.0009995134851210237,14
564,CC(C)n1cc[n+](C)c1.O=S(=O)(F)[N-]S(=O)(=O)F,0.0264,0.022,0.0242,0.0242,0.0022000000000000006,2
565,CC(C)n1cc[n+](C)c1.O=S(=O)([N-]S(=O)(=O)C(F)(F)C(F)(F)F)C(F)(F)C(F)(F)F,0.1214,0.0917,0.10655,0.10655,0.014849999999999995,2
566,C[n+]1ccn(C(C)(C)C)c1.O=S(=O)([N-]S(=O)(=O)C(F)(F)F)C(F)(F)F,0.1214,0.0915,0.10644999999999999,0.10644999999999999,0.014949999999999998,2
567,C[n+]1ccn(C(C)(C)C)c1.O=S(=O)([N-]S(=O)(=O)C(F)(F)C(F)(F)F)C(F)(F)C(F)(F)F,0.3672,0.2467,0.30695,0.30695,0.06025000000000001,2
568,CCCn1cc[n+](C)c1.O=S(=O)(F)[N-]S(=O)(=O)F,0.0299,0.0248,0.02735,0.02735,0.00255,2
569,ClCCl,0.0003929,0.0003929,0.0003929,0.0003929,0.0,1
570,OCc1ccccc1,0.005555,0.004515,0.004689,0.00495555,0.00039843437037986586,20
571,N#Cc1ccccc1,0.001171,0.001126,0.0011485,0.0011485,2.249999999999995e-05,4
572,CCCCCCCCCCCCCC,0.002107,0.001827,0.0019645,0.00196575,0.00010990763167314629,8
573,CCOC(=O)CC(C)=O,0.001581,0.001339,0.00148,0.0014829999999999997,0.00010021548212298765,7
574,CCOC(=O)C(=O)OCC,0.001844,0.001581,0.001659,0.001701,9.777411609305282e-05,9
575,CCOC(=O)c1ccccc1C(=O)OCC,0.007926,0.006129,0.007027500000000001,0.0070275,0.0008985000000000004,4
576,CCCCCCCCOC(=O)c1ccccc1C(=O)OCCCCCCCC,0.04303,0.03018,0.036605,0.036605,0.006425,4
577,CCCC(=O)OCC,0.000643,0.000583,0.0006072,0.00061968,2.0600168284102276e-05,15
578,CCCCC(=O)OC,0.000661,0.000623,0.000642,0.000642,1.9000000000000028e-05,2
579,CCCCCCC(=O)OC,0.001023,0.00095,0.0009865,0.0009865,3.650000000000002e-05,2
580,CC(=O)OCCC(C)C,0.000827,0.000741,0.000804,0.0007905714285714287,2.598272581574779e-05,7
581,C=CN1CCCC1=O,0.004322,0.004322,0.004322,0.004322,0.0,1
582,OC1=NCCC1,0.013363,0.010687,0.013131,0.012578,0.0010967750453032745,4
583,O=P(Cl)(Cl)c1ccccc1,0.0041435,0.0036742,0.00390885,0.00390885,0.00023464999999999988,2
584,CCOC=O,0.0004,0.000362,0.000373,0.00037740000000000007,1.2240914998479485e-05,10
585,OCCCl,0.003104,0.002669,0.0028865,0.0028865,0.00021750000000000003,8
586,C=CCn1cc[n+](C)c1.[Cl-],0.821,0.0447,0.0447,0.35522,0.3803077774645162,5
587,CC(C)c1ccccc1,0.000739,0.00069,0.0007145,0.0007145,2.45e-05,8
588,CCCC(C)(C)O,0.00293,0.00293,0.00293,0.00293,0.0,2
589,O=CN1CCOCC1,0.007955,0.0065981,0.0072663,0.007263933333333333,0.0005543618653711472,18
590,OCCCOCCCO,0.0815,0.0815,0.0815,0.0815,0.0,1
591,CC/C=C\CCOC=O,0.000561,0.000527,0.000527,0.0005355000000000001,1.472243186433544e-05,4
592,CCCCCCOC(C)=O,0.001071,0.000962,0.001009,0.0010219166666666666,4.4535488346061926e-05,12
593,CCC/C=C/COC(C)=O,0.000831,0.00077,0.00077,0.0007852499999999999,2.641377481542541e-05,4
594,CC/C=C\CCOC(C)=O,0.000823,0.000763,0.000763,0.000778,2.5980762113533135e-05,4
595,CCOC(=O)CC,0.000492,0.000464,0.000478,0.000478,1.4000000000000015e-05,2
596,CCCCOC(=O)CCC,0.000876,0.000812,0.000844,0.000844,3.200000000000002e-05,2
597,CCCC(=O)OCCC(C)C,0.001111,0.000897,0.001111,0.0010394,9.044246790087055e-05,5
598,CCCCCCOC(=O)CCC,0.001234,0.001131,0.0011825,0.0011825,5.1500000000000005e-05,2
599,CCOC(=O)CC(C)C,0.000752,0.000703,0.000739,0.0007344,1.6487571076419958e-05,5
600,CCCCCC(=O)OCC,0.00094,0.000704,0.000704,0.0007885555555555556,0.00010829497896548945,9
601,CC(=O)N1CCOCC1,0.00848,0.0071,0.00779,0.00779,0.0006899999999999996,4
602,CCCCBr,0.0006096,0.000575,0.00059405,0.000593175,1.53056157994378e-05,4
603,C=COC(C)=O,0.000384,0.000384,0.000384,0.000384,0.0,2
604,CC(=O)OCc1ccccc1,0.002056,0.001836,0.001836,0.0019302857142857147,0.00010887176504718663,7
605,CCOC(=O)c1ccccc1O,0.002831,0.002831,0.002831,0.002831,0.0,3
606,CCC(=O)OCc1ccccc1,0.002123,0.002123,0.002123,0.002123,0.0,3
607,CCOC(=O)Cc1ccccc1,0.002384,0.002384,0.002384,0.002384,0.0,3
608,CCCCCCCC(=O)OCC,0.001411,0.001411,0.001411,0.001411,0.0,3
609,C[Si]1(C)O[Si](C)(C)O[Si](C)(C)O[Si](C)(C)O1,0.00206,0.00206,0.00206,0.00206,0.0,1
610,C[Si]1(C)O[Si](C)(C)O[Si](C)(C)O[Si](C)(C)O[Si](C)(C)O1,0.00387,0.00348,0.0036750000000000003,0.0036750000000000003,0.00019500000000000008,2
611,CC(Cl)(Cl)Cl,0.000789,0.000789,0.000789,0.000789,0.0,1
612,C=C(C)C(=O)OCc1ccccc1,0.002302,0.002302,0.002302,0.002302,0.0,9
613,C=C(C)C(=O)OCCO,0.005784,0.005784,0.005784,0.005784,0.0,9
614,C=C(C)C(=O)O,0.001267,0.001267,0.001267,0.001267,0.0,9
615,OCCCc1ccccc1,0.010126,0.010126,0.010126,0.010126,0.0,1
616,CCOCCC(=O)OCC,0.001176,0.001176,0.001176,0.001176,0.0,4
617,CCCCCC=O,0.000805,0.000805,0.000805,0.000805,0.0,2
618,CCCCCCCCC=O,0.001392,0.001392,0.001392,0.001392,0.0,2
619,CCCc1ccccc1,0.000744,0.000744,0.000744,0.000744,0.0,2
620,CCCCc1ccccc1,0.000901,0.000893,0.000901,0.0008983333333333333,3.7712361663282436e-06,6
621,CCCC(=O)O,0.001396,0.001396,0.001396,0.0013960000000000003,2.168404344971009e-19,3
622,CCCCCC[N+]1(C)CCCC1.O=S(=O)([N-]S(=O)(=O)C(F)(F)F)C(F)(F)F,0.1198,0.0968,0.10830000000000001,0.10830000000000001,0.011500000000000003,2
623,CCCCCCn1cc[n+](C)c1.[Cl-],18.089,18.089,18.089,18.089,0.0,2
624,CCCCCCCCn1cc[n+](C)c1.[Cl-],20.883,7.7704,20.868,18.571488888888886,4.495146854712546,9
625,CCn1cc[n+](C)c1.O=C([O-])C(F)(F)F,0.032,0.032,0.032,0.032,0.0,2
626,CC(C)=Cn1cc[n+](C)c1.F[B-](F)(F)F,0.1334,0.0889,0.10944999999999999,0.11030000000000001,0.017006028342914162,4
627,CC(=O)O.OCCN(CCO)CCO,0.342,0.342,0.342,0.342,0.0,1
628,NCCOCCO.O=CO,0.371,0.371,0.371,0.371,0.0,1
629,CC(=O)O.NCCOCCO,2.893,2.893,2.893,2.893,0.0,1
630,CCCCOP(=O)(OCCCC)OCCCC,0.00345,0.002969,0.003341,0.0032009999999999994,0.00019749352472345094,13
631,CCCCCCCCCC(=O)OCC,0.0021029,0.0019111,0.002007,0.002007,9.589999999999999e-05,2
632,CCCCCCCCCCCC(=O)OCC,0.0030152,0.0027073,0.00286125,0.00286125,0.00015394999999999992,2
633,CCCCCCCCCCCCCC(=O)OCC,0.004188,0.0037207,0.00395435,0.00395435,0.00023364999999999996,2
634,CCCCCCCCCCCCCCCC(=O)OCC,0.0050107,0.0050107,0.0050107,0.0050107,0.0,1
635,CCCCCCCC(=O)OC,0.0013127,0.001212,0.00126235,0.00126235,5.0350000000000004e-05,2
636,CCCCCCCCCC(=O)OC,0.0019335,0.0017601,0.0018468,0.0018468,8.67000000000001e-05,2
637,CCCCCCCCCCCC(=O)OC,0.0028237,0.002475,0.0025356,0.0026114333333333334,0.0001521204420480328,3
638,CCCCCCCC/C=C\CCCCCCCC(=O)OC,0.0056336,0.004922,0.0049612,0.005172266666666667,0.0003266042389328235,3
639,CCCCC/C=C\C/C=C\CCCCCCCC(=O)OC,0.0044275,0.003822,0.0039615,0.004070333333333333,0.00025889648295967436,3
640,CCCCC(=O)OCC(COCC(COC(=O)CCCC)(COC(=O)CCCC)COC(=O)CCCC)(COC(=O)CCCC)COC(=O)CCCC,0.1076,0.08331,0.09541,0.0954325,0.012018197400192764,4
641,CCCCCCC(=O)OCC(COCC(COC(=O)CCCCCC)(COC(=O)CCCCCC)COC(=O)CCCCCC)(COC(=O)CCCCCC)COC(=O)CCCCCC,0.1092,0.08439,0.096695,0.09674500000000001,0.01210882013244891,4
642,F[B-](F)(F)F.[NH3+]CCO,0.05939,0.05939,0.05939,0.05939,0.0,1
643,C[NH+](CCO)CCO.F[B-](F)(F)F,0.2088,0.2088,0.2088,0.2088,0.0,1
644,CN(CCO)CCO.Cl,0.5121,0.5121,0.5121,0.5121,0.0,1
645,CC(C)Br,0.0004981,0.0004835,0.0004908,0.0004908,7.300000000000015e-06,4
646,CCOC(=O)CCCCC(=O)OCC,0.00312,0.00279,0.002955,0.002955,0.000165,2
647,CC(C)COC(=O)CCCCC(=O)OCC(C)C,0.00533,0.00465,0.00499,0.00499,0.00034,2
648,CCCCCCCCCCC,0.001099,0.001022,0.0010604999999999998,0.0010604999999999998,3.8500000000000014e-05,4
649,CCCCCCCC[n+]1cccc(C)c1,0.11555,0.089603,0.1025765,0.1025765,0.012973499999999999,2
650,CCn1cc[n+](C)c1.O=C1O[B-](F)(F)OC1=O,0.061854,0.047341,0.0545975,0.0545975,0.007256499999999999,2
651,CCCCn1cc[n+](C)c1.O=C1O[B-](F)(F)OC1=O,0.097896,0.0733,0.08559800000000001,0.08559800000000001,0.012297999999999996,2
652,CCn1cc[n+](C)c1.O=C1CC(=O)O[B-](F)(F)O1,0.113,0.084546,0.098773,0.098773,0.014227000000000004,2
653,CCCCn1cc[n+](C)c1.O=C1CC(=O)O[B-](F)(F)O1,0.13729,0.13729,0.13729,0.13729,0.0,1
654,CC(=O)O[B-](F)(F)OC(C)=O.CCn1cc[n+](C)c1,0.13867,0.10162,0.120145,0.120145,0.018524999999999993,2
655,CC(=O)O[B-](F)(F)OC(C)=O.CCCCn1cc[n+](C)c1,0.23252,0.16499,0.19875500000000001,0.19875500000000001,0.033765,2
656,CC(=O)O[B-](F)(F)OC(C)=O.CC[N+](CC)(CC)CC,0.2225,0.16111,0.191805,0.191805,0.030695,2
657,CCn1cc[n+](C)c1.O=C(O[B-](F)(F)OC(=O)C(F)(F)F)C(F)(F)F,0.019633,0.016561,0.018097000000000002,0.018097000000000002,0.001536000000000001,2
658,CCCCn1cc[n+](C)c1.O=C(O[B-](F)(F)OC(=O)C(F)(F)F)C(F)(F)F,0.029745,0.024331,0.027038,0.027038,0.002707000000000001,2
659,CC[N+](CC)(CC)CC.O=C(O[B-](F)(F)OC(=O)C(F)(F)F)C(F)(F)F,0.047283,0.038504,0.0428935,0.0428935,0.004389500000000001,2
660,CCOCC,0.0002469,0.0002469,0.0002469,0.0002469,0.0,3
661,CCCC[N+]1(C)CCCC1.COS(=O)(=O)[O-],0.4675,0.3349,0.4012,0.4012,0.06630000000000003,2
662,CCCCCCCC(=O)O.c1c[nH]cn1,0.07127,0.05648,0.063875,0.063875,0.007394999999999999,10
663,O=C1CCCC1,0.001084,0.000998,0.000999,0.0010325999999999998,4.1969512744371895e-05,5
664,CCOC(=O)CCC(=O)OCC,0.0023927,0.0023927,0.0023927,0.0023927,0.0,2
665,CCC(=O)O.OCCNCCO,0.32217,0.32217,0.32217,0.32217,0.0,4
666,C=CCCCCCC,0.00047,0.00047,0.00047,0.00047,0.0,2
667,CC(=O)[O-].CCCC[N+](CC)(CC)CC,0.439,0.439,0.439,0.439,0.0,1
668,CCOC(F)(F)C(F)(F)C(F)(F)C(F)(F)F,0.0006065,0.0006065,0.0006065,0.0006065,0.0,4
669,CCCCCCC(=O)O.CCN(C(C)C)C(C)C,0.01223,0.01223,0.01223,0.01223,0.0,2
670,CCCCCCCC(=O)O.CCN(C(C)C)C(C)C,0.01352,0.01352,0.01352,0.01352,0.0,2
671,NCC(=O)[O-].[K+],0.0009638,0.0009638,0.0009638,0.0009638,0.0,1
672,CCCCC/C=C\C/C=C\CCCCCCCC(=O)OCC,0.0048073,0.0043074,0.00455735,0.00455735,0.00024994999999999965,2
673,CC/C=C\C/C=C\C/C=C\CCCCCCCC(=O)OCC,0.0039606,0.0035831,0.00377185,0.00377185,0.0001887499999999999,2
674,CCCCCC/C=C\CCCCCCCC(=O)OC,0.0036471,0.0032886,0.0034678499999999998,0.0034678499999999998,0.00017924999999999994,2
675,CC/C=C\C/C=C\C/C=C\CCCCCCCC(=O)OC,0.0040429,0.003301,0.0036665,0.0036701333333333335,0.0003028903028417311,3
676,CCCCCCCC/C=C\CCCCCCCCCC(=O)OC,0.0074879,0.0065284,0.0070081499999999994,0.0070081499999999994,0.0004797499999999997,2
677,CCCCCCCC/C=C\CCCCCCCCCCCC(=O)OC,0.0091414,0.0079069,0.00852415,0.00852415,0.0006172499999999997,2
678,CCCCCCCCCCCCOS(=O)(=O)[O-].CCCCCC[n+]1ccn(CCC#N)c1,13.7697,8.2527,11.0112,11.0112,2.7584999999999997,2
679,CCCCCC[n+]1ccn(CCC#N)c1.O=S(=O)([O-])c1ccccc1,4.2681,2.8656,3.5668499999999996,3.5668499999999996,0.7012499999999997,2
680,CCCCCC[n+]1ccn(CCC#N)c1.O=C([O-])c1cccc(S(=O)(=O)O)c1,11.463,7.5783,9.52065,9.52065,1.9423499999999998,2
681,CCCCCC[n+]1ccn(CCC#N)c1.O=S(=O)([O-])C(F)(F)F,1.4697,0.9919,1.2308,1.2308,0.2389,2
682,CCCCn1cc[n+](C)c1.C[C@H](N)C(=O)[O-],0.078295,0.059772,0.0690335,0.0690335,0.009261500000000002,2
683,CCCCCCn1cc[n+](C)c1.FC(F)(F)C(F)(F)[P-](F)(F)(F)(C(F)(F)C(F)(F)F)C(F)(F)C(F)(F)F,0.0882,0.0684,0.07830000000000001,0.07830000000000001,0.009899999999999999,2
684,C[C@H](O)CN,0.01771,0.01771,0.01771,0.01771,0.0,2
685,CCCC[N+](C)(C)CC.CCOS(=O)(=O)[O-],0.333,0.333,0.333,0.333,0.0,1
686,CCOS(=O)(=O)[O-].CC[N+](C)(C)CCO,1.617,1.617,1.617,1.617,0.0,1
687,CCCCS(=O)(=O)[O-].CC[N+](C)(C)CCO,1.354,1.354,1.354,1.354,0.0,1
688,CCCCOS(=O)(=O)[O-].CCn1cc[n+](C)c1,0.1808,0.1379,0.15935,0.15935,0.021449999999999997,2
689,CCCCCCOS(=O)(=O)[O-].CCn1cc[n+](C)c1,0.31678,0.2315,0.273115,0.2736275,0.04052428986114377,4
690,CCn1cc[n+](C)c1.O=S(=O)([O-])O,1.6284,1.1448,1.3866,1.3866,0.24180000000000001,2
691,CCn1cc[n+](C)c1.O=S(=O)([O-])C(F)(F)C(F)F,0.07264,0.07264,0.07264,0.07264,0.0,1
692,Cl.OCCCCCCn1ccnc1,0.42,0.3201,0.37005,0.37005,0.049949999999999994,2
693,C[n+]1ccn(CCCCCCO)c1.[Cl-],0.6798,0.4897,0.58475,0.58475,0.09504999999999997,2
694,CC[n+]1ccn(CCCCCCO)c1.[Cl-],0.8617,0.6045,0.7331000000000001,0.7331000000000001,0.1286,2
695,CCCC[n+]1ccn(CCCCCCO)c1.[Cl-],0.9833,0.707,0.84515,0.84515,0.13815,2
696,O=S(=O)([N-]S(=O)(=O)C(F)(F)F)C(F)(F)F.OCCC[n+]1ccccc1,0.0922,0.0922,0.0922,0.0922,0.0,1
697,CCOC(=O)C[n+]1ccccc1.O=S(=O)([N-]S(=O)(=O)C(F)(F)F)C(F)(F)F,0.338,0.338,0.338,0.338,0.0,1
698,CCC[N+](C)(C)CCO.O=S(=O)([N-]S(=O)(=O)C(F)(F)F)C(F)(F)F,0.0927,0.0927,0.0927,0.0927,0.0,1
699,CC(=O)OCC[N+](C)(C)C.O=S(=O)([N-]S(=O)(=O)C(F)(F)F)C(F)(F)F,0.162,0.162,0.162,0.162,0.0,1
700,CCCC[n+]1ccn(CCC#N)c1.[Cl-],2.637,1.612,2.1245000000000003,2.1245000000000003,0.5125,2
701,C=CC[n+]1ccn(CCC#N)c1.[Cl-],17.544,10.294,13.919,13.919,3.625,2
702,N#CCC[n+]1ccn(CCO)c1.[Cl-],62.813,62.813,62.813,62.813,0.0,1
703,CCCC[P+](CCCC)(CCCC)CCCN.C[C@H](N)C(=O)[O-],0.80488,0.5614,0.6831400000000001,0.6831400000000001,0.12174000000000001,4
704,CC(C)[C@H](N)C(=O)[O-].CCCC[P+](CCCC)(CCCC)CCCN,1.01549,0.69504,0.8552649999999999,0.855265,0.160225,4
705,CC(C)C[C@H](N)C(=O)[O-].CCCC[P+](CCCC)(CCCC)CCCN,1.22786,0.85526,1.04156,1.04156,0.18629999999999997,4
706,CCCCCCCCCCCCC,0.001726,0.001577,0.0016515000000000002,0.0016515000000000002,7.450000000000002e-05,4
707,CCn1cc[n+](C)c1.Cc1ccc(S(=O)(=O)[O-])cc1,1.4174,1.4174,1.4174,1.4174,0.0,1
708,CCC(=O)O,0.0009496,0.0009496,0.0009496,0.0009496,0.0,3
709,COC[N+]1(C)CCCC1.O=S(=O)(F)[N-]S(=O)(=O)F,0.0285,0.02471,0.026605,0.026605,0.0018950000000000009,2
710,CCCCn1cc[n+](C)c1C.FC(F)(F)C(F)(F)[P-](F)(F)(F)(C(F)(F)C(F)(F)F)C(F)(F)C(F)(F)F,0.1541,0.11549,0.134795,0.134795,0.019304999999999996,2
711,CCC(=O)O.CCN1CCNCC1,0.24349,0.16481,0.20415,0.20415,0.03934,10
712,CCC(=O)[O-].C[N+](C)(C)CCO,0.2902,0.2156,0.2529,0.2529,0.0373,2
713,CCCC(=O)[O-].C[N+](C)(C)CCO,0.6306,0.4593,0.54495,0.54495,0.08565000000000003,2
714,CCCCCC(=O)[O-].C[N+](C)(C)CCO,0.7107,0.5304,0.6205499999999999,0.6205499999999999,0.09015000000000001,2
715,CCCCCCC[N+](CC)(CC)CC.O=S(=O)([N-]S(=O)(=O)C(F)(F)F)C(F)(F)F,0.2046,0.1542,0.1794,0.1794,0.0252,2
716,CCCCCCCCCCCCCC[N+](CC)(CC)CC.O=S(=O)([N-]S(=O)(=O)C(F)(F)F)C(F)(F)F,0.4011,0.2936,0.34735000000000005,0.34735000000000005,0.05374999999999999,2
717,CS(=O)(=O)[O-].Cn1cc[n+](C)c1,0.0329,0.0329,0.0329,0.0329,0.0,1
718,CCCCn1cc[n+](C)c1.CS(=O)(=O)[O-],0.111,0.111,0.111,0.111,0.0,1
719,CCCCn1cc[n+](CCCC)c1.CS(=O)(=O)[O-],0.0319,0.0319,0.0319,0.0319,0.0,1
720,CC(=O)O.CCN(C)C,0.01397,0.011679,0.012824499999999999,0.012824499999999999,0.0011454999999999998,2
721,CC(=O)[O-].CCCC[N+]1(C)CCCC1,0.10663,0.079923,0.0932765,0.0932765,0.013353500000000004,2
722,CC(=O)O.CCn1ccnc1,0.0049548,0.0043365,0.004645649999999999,0.004645649999999999,0.0003091499999999998,2
723,CCCCn1cc[n+](C)c1.O=C[O-],0.1385,0.1385,0.1385,0.1385,0.0,1
724,CCC(=O)[O-].CCCCn1cc[n+](C)c1,0.3257,0.3257,0.3257,0.3257,0.0,1
725,CCCC(=O)[O-].CCCCn1cc[n+](C)c1,0.3643,0.3643,0.3643,0.3643,0.0,1
726,CCOCC[N+](C)(C)CCC[N+](C)(C)CCCc1ccccc1.O=S(=O)([N-]S(=O)(=O)C(F)(F)F)C(F)(F)F.O=S(=O)([N-]S(=O)(=O)C(F)(F)F)C(F)(F)F,6.671,6.671,6.671,6.671,0.0,1
727,CCOCC[N+](C)(C)CCC[N+](C)(C)CCOCCOC.O=S(=O)([N-]S(=O)(=O)C(F)(F)F)C(F)(F)F.O=S(=O)([N-]S(=O)(=O)C(F)(F)F)C(F)(F)F,1.147,1.147,1.147,1.147,0.0,1
728,C=CC[N+](C)(C)CCC[N+](C)(C)CCOCC.O=S(=O)([N-]S(=O)(=O)C(F)(F)F)C(F)(F)F.O=S(=O)([N-]S(=O)(=O)C(F)(F)F)C(F)(F)F,1.345,1.345,1.345,1.345,0.0,1
729,CCCCC[N+](C)(C)CCC[N+](C)(C)CCOCC.O=S(=O)([N-]S(=O)(=O)C(F)(F)F)C(F)(F)F.O=S(=O)([N-]S(=O)(=O)C(F)(F)F)C(F)(F)F,4.949,4.949,4.949,4.949,0.0,1
730,CCCCC[N+](C)(C)CCOCC[N+](C)(C)CCC.O=S(=O)([N-]S(=O)(=O)C(F)(F)F)C(F)(F)F.O=S(=O)([N-]S(=O)(=O)C(F)(F)F)C(F)(F)F,2.106,2.106,2.106,2.106,0.0,1
731,CCCCC[N+](C)(C)CCOCC[N+](C)(C)CCOCCOC.O=S(=O)([N-]S(=O)(=O)C(F)(F)F)C(F)(F)F.O=S(=O)([N-]S(=O)(=O)C(F)(F)F)C(F)(F)F,1.215,1.215,1.215,1.215,0.0,1
732,CCCCC[N+](C)(C)CCOCC[N+](C)(C)CCOCC.O=S(=O)([N-]S(=O)(=O)C(F)(F)F)C(F)(F)F.O=S(=O)([N-]S(=O)(=O)C(F)(F)F)C(F)(F)F,2.037,2.037,2.037,2.037,0.0,1
733,C=CC[N+](C)(C)CCOCC[N+](C)(C)CCCCC.O=S(=O)([N-]S(=O)(=O)C(F)(F)F)C(F)(F)F.O=S(=O)([N-]S(=O)(=O)C(F)(F)F)C(F)(F)F,3.974,3.974,3.974,3.974,0.0,1
734,CCCCC[N+](C)(C)CCOCC[N+](C)(C)CCCc1ccccc1.O=S(=O)([N-]S(=O)(=O)C(F)(F)F)C(F)(F)F.O=S(=O)([N-]S(=O)(=O)C(F)(F)F)C(F)(F)F,6.431,6.431,6.431,6.431,0.0,1
735,CCC[N+](C)(C)CCOCC[N+](C)(C)CCOCC.O=S(=O)([N-]S(=O)(=O)C(F)(F)F)C(F)(F)F.O=S(=O)([N-]S(=O)(=O)C(F)(F)F)C(F)(F)F,1.355,1.355,1.355,1.355,0.0,1
736,CCC[N+](C)(C)CCOCC[N+](C)(C)CCOCCOC.O=S(=O)([N-]S(=O)(=O)C(F)(F)F)C(F)(F)F.O=S(=O)([N-]S(=O)(=O)C(F)(F)F)C(F)(F)F,1.213,1.213,1.213,1.213,0.0,1
737,CCCCCCCC[n+]1ccc2ccccc2c1.N#C[S-],2.388,1.6121,2.00005,2.00005,0.3879499999999999,2
738,CCCCCCCC/C=C\CCCCCCCCn1cc[n+](C)c1.O=S(=O)([N-]S(=O)(=O)C(F)(F)F)C(F)(F)F,0.2635,0.22285,0.243175,0.243175,0.02032500000000001,2
739,CCCCCCCC/C=C/CCCCCCCCn1cc[n+](C)c1.O=S(=O)([N-]S(=O)(=O)C(F)(F)F)C(F)(F)F,0.2742,0.22351,0.248855,0.248855,0.025345000000000006,2
740,CCCCC/C=C\C/C=C\CCCCCCCCn1cc[n+](C)c1.O=S(=O)([N-]S(=O)(=O)C(F)(F)F)C(F)(F)F,0.2482,0.18096,0.21458,0.21458,0.03362,2
741,CC[N+](C)(C)CCOC(C)=O.O=S(=O)([N-]S(=O)(=O)C(F)(F)F)C(F)(F)F,0.2075,0.153,0.18025,0.18025,0.027249999999999996,2
742,CC[N+](C)(C)CCOCCOC.O=S(=O)([N-]S(=O)(=O)C(F)(F)F)C(F)(F)F,0.05857,0.04719,0.052879999999999996,0.052879999999999996,0.005689999999999997,2
743,CCCCC[N+](C)(C)CC.O=S(=O)([N-]S(=O)(=O)C(F)(F)F)C(F)(F)F,0.1276,0.09788,0.11273999999999999,0.11273999999999999,0.014859999999999998,2
744,CCCCCCC[N+](C)(C)CC.O=S(=O)([N-]S(=O)(=O)C(F)(F)F)C(F)(F)F,0.1677,0.1276,0.14765,0.14765,0.02005,2
745,C[N+](C)(C)CCO.NCC(=O)[O-],0.1823,0.1199,0.1511,0.1511,0.03119999999999999,2
746,C[N+](C)(C)CCO.NCCC(=O)[O-],5.0921,3.0222,4.05715,4.05715,1.03495,2
747,C[N+](C)(C)CCO.O=C([O-])[C@@H]1CCCN1,10.6438,5.4373,8.04055,8.04055,2.6032500000000005,2
748,C[N+](C)(C)CCO.N[C@@H](CO)C(=O)[O-],11.5437,6.5431,9.0434,9.0434,2.5002999999999997,2
749,C=CCN(C)C.O=S(=O)(O)C(F)(F)F,0.0288,0.0288,0.0288,0.0288,0.0,1
750,CCN(C)CC.O=S(=O)(O)C(F)(F)F,0.0369,0.0369,0.0369,0.0369,0.0,1
751,CCCN(C)C.O=S(=O)(O)C(F)(F)F,0.0332,0.0332,0.0332,0.0332,0.0,1
752,C=CCN(CC)CC.O=S(=O)(O)C(F)(F)F,0.051,0.051,0.051,0.051,0.0,1
753,CCCN(CC)CC.O=S(=O)(O)C(F)(F)F,0.0543,0.0543,0.0543,0.0543,0.0,1
754,C=CCN(C)CC=C.O=S(=O)(O)C(F)(F)F,0.0385,0.0385,0.0385,0.0385,0.0,1
755,CCCN(C)CCC.O=S(=O)(O)C(F)(F)F,0.0487,0.0487,0.0487,0.0487,0.0,1
756,CCCCOCCOCCO,0.0043229,0.00423,0.00423,0.004253225,4.0226880005787144e-05,8
757,CCCCCCC(C)C,0.000594,0.000594,0.000594,0.000594,0.0,1
758,CCCCCCCC(C)C,0.000768,0.000768,0.000768,0.000768,0.0,1
759,CCCCCCCCC(C)C,0.000977,0.000977,0.000977,0.000977,0.0,1
760,CCCCCCCCCCCCCC(C)C,0.00277,0.00277,0.00277,0.00277,0.0,1
761,CCCn1cc[n+](C)c1.F[B-](F)(F)F,0.07404,0.05859,0.066315,0.066315,0.007724999999999996,6
762,CCC1CCCCC1,0.000791,0.000743,0.000767,0.0007669999999999999,2.400000000000004e-05,4
763,CCCCC1CCCCC1,0.0012,0.001111,0.0011554999999999998,0.0011554999999999998,4.449999999999994e-05,4
764,C=COCCCC,0.0004,0.000387,0.00039349999999999997,0.00039349999999999997,6.5000000000000225e-06,4
765,CCOP(=O)([O-])OCC.CCn1cc[n+](C)c1,0.41,0.28434,0.3173,0.326506,0.04374489117599905,5
766,Cc1ccc(C=O)o1,0.002056,0.001757,0.0019005,0.0019035000000000002,0.00011096057858536969,4
767,CCCCCCCCCCOS(=O)(=O)[O-].CCCCCCCC[n+]1ccn(CCC#N)c1,21.6451,12.9985,17.3218,17.3218,4.3233,2
768,CCCCCCCC[n+]1ccn(CCC#N)c1.O=C([O-])c1cccc(S(=O)(=O)O)c1,14.4202,9.2634,11.8418,11.8418,2.5783999999999994,2
769,CCCCCCCC[n+]1ccn(CCC#N)c1.O=S(=O)([O-])c1ccccc1,8.2919,4.8801,6.586,6.586,1.7059000000000002,2
770,CCCCCCCC[n+]1ccn(CCC#N)c1.O=S(=O)([O-])C(F)(F)F,4.1352,2.7989,3.4670500000000004,3.4670500000000004,0.66815,2
771,CC(CC(C)(C)C)CC(C)(C)C,0.00111,0.0011,0.0011,0.0011033333333333336,4.7140452079103295e-06,3
772,CCCCCCCCCCCCOS(=O)(=O)[O-].CCCC[n+]1ccn(CCC#N)c1,7.875,4.746,6.3105,6.3105,1.5644999999999998,2
773,CCCC[n+]1ccn(CCC#N)c1.O=S(=O)([O-])c1ccccc1,2.752,1.806,2.279,2.279,0.47299999999999986,2
774,CCCC[n+]1ccn(CCC#N)c1.O=S(=O)([O-])C(F)(F)F,0.719,0.489,0.604,0.604,0.11499999999999999,2
775,CCCCCCCCCC[n+]1ccn(CCC#N)c1.O=C([O-])c1cccc(S(=O)(=O)O)c1,17.65,11.449,14.549499999999998,14.549499999999998,3.1004999999999994,2
776,CCCCCCCCCCCCOS(=O)(=O)[O-].CCCCCCCCCC[n+]1ccn(CCC#N)c1,16.145,16.145,16.145,16.145,0.0,1
777,CCCCn1ccc(=[N+](C)C)cc1.O=S(=O)([N-]S(=O)(=O)C(F)(F)F)C(F)(F)F,0.083,0.065,0.07400000000000001,0.07400000000000001,0.009000000000000001,2
778,CCCCCC[N+]1=C2CCCCCN2CCC1.N#C[S-],1.5043,1.5043,1.5043,1.5043,0.0,1
779,CCCCCCCC[N+]1=C2CCCCCN2CCC1.N#C[S-],0.80671,0.80671,0.80671,0.80671,0.0,1
780,CCCCCCCCCC[N+]1=C2CCCCCN2CCC1.N#C[S-],1.0593,1.0593,1.0593,1.0593,0.0,1
781,CC[N+](C)(CC)CCOC.F[B-](F)(F)C(F)(F)F,0.105,0.0841,0.09455,0.09455,0.010450000000000001,2
782,CC[N+](C)(CC)CCOC.F[B-](F)(F)F,0.422,0.303,0.3625,0.3625,0.0595,2
783,CCCCn1cc[n+](C)c1.O=S(=O)([O-])O,0.43936,0.32195,0.38065499999999997,0.38065499999999997,0.05870499999999998,2
784,CC(C)CNCCCCS(=O)(=O)O.O=S(=O)(O)O,14.433,9.45,11.9415,11.9415,2.4915000000000003,2
785,CN(C)C(=O)c1ccccc1.CN(C)C(=O)c1ccccc1.O=S(=O)([N-]S(=O)(=O)C(F)(F)C(F)(F)F)C(F)(F)C(F)(F)F.[Ag+],0.4917,0.3376,0.41465,0.41465,0.07705000000000001,2
786,CCCN.CCCN.O=S(=O)([N-]S(=O)(=O)C(F)(F)F)C(F)(F)F.[Ag+],0.036,0.03107,0.033534999999999995,0.033534999999999995,0.0024649999999999984,2
787,CCCCn1cc[n+](C)c1.O=C([O-])CO,0.4906,0.4906,0.4906,0.4906,0.0,1
788,CCCCn1cc[n+](C)c1.O=C([O-])c1ccccc1,1.18,1.18,1.18,1.18,0.0,1
789,CCCCn1cc[n+](C)c1.NCC(=O)[O-],0.8626,0.8626,0.8626,0.8626,0.0,1
790,CCCCCCCCn1cc[n+](C)c1.NCC(=O)[O-],0.2482,0.2482,0.2482,0.2482,0.0,1
791,CCCCCCCCn1cc[n+](C)c1.C[C@H](N)C(=O)[O-],0.3473,0.3473,0.3473,0.3473,0.0,1
792,CCCCCCCCn1cc[n+](C)c1.N[C@@H](CO)C(=O)[O-],1.1787,1.1787,1.1787,1.1787,0.0,1
793,CCCCCCCCn1cc[n+](C)c1.O=C([O-])[C@@H]1CCCN1,0.8399,0.8399,0.8399,0.8399,0.0,1
794,S=P(Cl)(Cl)c1ccccc1,0.003634,0.003634,0.003634,0.003634,0.0,1
795,CCCCn1cc[n+](C)c1.[O-][Cl+3]([O-])([O-])[O-],0.18026,0.13785,0.159055,0.159055,0.021205,2
796,CCNCC,0.000275,0.000275,0.000275,0.000275,0.0,2
797,C=CC#N,0.000344,0.000344,0.000344,0.00034399999999999996,5.421010862427522e-20,3
798,O=CO,0.001437,0.001437,0.001437,0.001437,0.0,2
799,ClP(Cl)Oc1ccccc1,0.001835,0.001835,0.001835,0.001835,0.0,1
800,COC=O,0.0003,0.0003,0.0003,0.0003,0.0,2
801,CC(=O)CC(C)(C)O,0.00289,0.00289,0.00289,0.00289,0.0,3
802,CC(=O)OC(C)=O,0.000829,0.000778,0.0008035,0.0008035,2.549999999999997e-05,4
803,CCCCCc1ccc(C2CCC(CCC)CC2)cc1,0.0135,0.01109,0.012295,0.012295,0.0012050000000000003,2
804,C[n+]1ccn(CCO)c1.F[B-](F)(F)F,0.974,0.974,0.974,0.974,0.0,1
805,Cc1ccncc1,0.0008723,0.0008175,0.0008449,0.0008449,2.7400000000000015e-05,4
806,CCCCCCn1cc[n+](C)c1.COS(=O)(=O)[O-],0.383,0.383,0.383,0.383,0.0,1
807,CCCCCCn1cc[n+](C)c1.CCOS(=O)(=O)[O-],0.589,0.589,0.589,0.589,0.0,1
808,O=C(O)C1CC1,0.003306,0.003306,0.003306,0.003306,0.0,5
809,CCCn1cc[n+](C)c1C.F[B-](F)(F)F,0.37728,0.2719,0.32459,0.32459,0.052690000000000015,4
810,CCCCn1cc[n+](CCCC)c1.O=S(=O)([N-]S(=O)(=O)C(F)(F)F)C(F)(F)F,0.0572,0.0572,0.0572,0.0572,0.0,1
811,COC(=O)CCCCl,0.001519,0.001519,0.001519,0.0015189999999999997,2.168404344971009e-19,6
812,CCN1CCCC1=O,0.002022,0.0018321,0.00192705,0.00192705,9.495e-05,4
813,CCCCOCCOCCOCCO,0.006528,0.006528,0.006528,0.006528,0.0,2
814,N#CCc1ccccc1,0.0017613,0.001761,0.0017613,0.00176127,8.999999999998593e-08,10
815,CCOC(=O)CC#N,0.0021861,0.0021861,0.0021861,0.0021861,0.0,2
816,CNCCO.O=CO,0.02322,0.0164,0.01932,0.019565000000000003,0.002515019880637129,4
817,CC(=O)O.CNCCO,0.10606,0.0787,0.09238,0.09238,0.013679999999999998,2
818,CCC(=O)O.CNCCO,0.25614,0.15824,0.19896999999999998,0.20307999999999998,0.03666588877962731,4
819,CCCC(=O)O.CNCCO,0.3522,0.21916,0.277825,0.2817525,0.04950770918503502,4
820,CC(C)C(=O)O.CNCCO,0.16308,0.12467,0.143875,0.143875,0.019205,2
821,CCCCC(=O)O.CNCCO,0.27303,0.17584,0.21988000000000002,0.2221575,0.03594330005369568,4
822,ClCC(Cl)Cl,0.001105,0.0010192,0.0010192,0.0010478,4.044650788387053e-05,3
823,CCCC[N+](C)(CCCC)CCCC.NCCS(=O)(=O)[O-],6.674,3.965,5.3195,5.3195,1.3545000000000003,2
824,CCCC[N+](C)(CCCC)CCCC.NCCCC[C@H](N)C(=O)[O-],2.593,1.679,2.136,2.136,0.45699999999999996,2
825,CCCC[N+](C)(CCCC)CCCC.C[C@@H](O)[C@H](N)C(=O)[O-],8.368,4.916,6.642,6.642,1.726,2
826,CCCC[P+](CCCC)(CCCC)CCCC.N[C@@H](CO)C(=O)[O-],1.143,0.7784,0.9607,0.9607,0.18230000000000002,2
827,CCCC[P+](CCCC)(CCCC)CCCC.NCCS(=O)(=O)[O-],1.019,0.7126,0.8657999999999999,0.8657999999999999,0.15319999999999995,2
828,CCCC[P+](CCCC)(CCCC)CCCC.NCCCC[C@H](N)C(=O)[O-],0.741,0.5198,0.6304000000000001,0.6304000000000001,0.11059999999999998,2
829,CCCC[P+](CCCC)(CCCC)CCCC.C[C@@H](O)[C@H](N)C(=O)[O-],0.739,0.5198,0.6294,0.6294,0.10959999999999998,2
830,CCCC[P+](CCCC)(CCCC)CCCC.N[C@@H](CS)C(=O)[O-],2.946,1.866,2.406,2.406,0.54,2
831,CCCC[N+](C)(CCCC)CCCC.N[C@@H](CO)C(=O)[O-],10.214,5.845,8.0295,8.0295,2.1845000000000003,2
832,CC(C)Cc1ccccc1,0.000905,0.000905,0.000905,0.000905,0.0,4
833,CCCC[n+]1ccn(CCC#N)c1.[Br-],19.103,11.304,15.203500000000002,15.203500000000002,3.8995000000000006,2
834,CCCCCC[n+]1ccn(CCC#N)c1.[Br-],15.893,15.893,15.893,15.893,0.0,1
835,CCCCCCCCn1cc[n+](C)c1.O=[N+]([O-])[O-],0.6641,0.466,0.56505,0.56505,0.09905,2
836,CCC(O)CC,0.004625,0.004625,0.004625,0.004625,0.0,2
837,CCCOC=O,0.000477,0.000477,0.000477,0.000477,0.0,5
838,CCCCn1cc[n+](C)c1.[I-],0.59368,0.44264,0.51816,0.51816,0.07552,2
839,CCCCCCCCn1cc[n+](C)c1.[I-],1.30626,0.98111,1.143685,1.143685,0.16257499999999997,2
